Name,Category,Symptom,Root Cause,Why It's Tempting,Fix,Related Patterns,Severity,Keywords,Last Updated,Source URL,Source Type
Distributed Monolith,Architecture,Services require coordinated releases; changes and dependency failures propagate across boundaries,Tightly coupled contracts or shared data prevent services from evolving independently,Microservices architecture promised independence but teams kept the coupling,Redraw boundaries around cohesive capabilities; keep strongly consistent operations together; use independently evolvable contracts; do not assume async messaging alone removes coupling,"Bounded Context, Event-Driven Architecture, API Gateway",critical,distributed monolith coupling deploy together cascade shared db,2026-09-29,https://learn.microsoft.com/en-us/azure/architecture/microservices/model/microservice-boundaries,official-docs
Shared Database Integration,Integration,Schema changes require coordination across services; long transactions can block unrelated workloads,Services freely access tables owned by other services and share transaction or schema dependencies,Local ACID transactions and one database simplify consistency and operations,When independent evolution is required establish data ownership and mediate access through APIs or events; assess cross-service consistency costs before splitting; shared storage is a tradeoff rather than automatically a defect,"Database per Service, Event-Driven, CDC, Strangler Fig",critical,shared database integration coupling schema migration,2026-09-29,https://microservices.io/patterns/data/shared-database.html,engineering-blog
God Service,Architecture,Unrelated business changes contend for one release cycle; distinct capabilities cannot evolve or scale independently,Incremental feature additions mix domain models and responsibilities without cohesive boundaries,Easier to add to existing service than create new infrastructure,Identify bounded contexts and ownership; separate capabilities where independent deployment or scaling justifies it; keep cohesive operations together; traffic share or service size alone is not evidence,"Bounded Context, Strangler Fig, Single Responsibility",critical,god service monolith single point failure bloated,2026-09-29,https://learn.microsoft.com/en-us/azure/architecture/microservices/model/microservice-boundaries,official-docs
Sync-over-Async,Performance,Thread pool starvation and rising latency under concurrent load,Request handlers block on asynchronous operations using methods such as Task.Result or Task.Wait,Synchronous control flow seems simpler to reason about,Propagate async and await through the request path; locate blocking waits with thread stacks and runtime counters; verify under concurrent load; a synchronous remote protocol alone is not sync-over-async,"Circuit Breaker, Bulkhead, Backpressure",warning,sync over async blocking thread pool exhaustion latency timeout,2026-09-29,https://learn.microsoft.com/en-us/dotnet/core/diagnostics/debug-threadpool-starvation,official-docs
Dual Writes,Consistency,Committed database changes lack events or consumers see events for rolled-back changes,Independent database and broker writes can succeed or fail separately,Simpler than setting up outbox/CDC; appears to work in happy path,Commit business changes and outbox records in one local transaction; relay only committed events or use suitable CDC; handle relay redelivery with idempotent consumers and preserve required per-entity ordering,"Transactional Outbox, CDC, Event Sourcing, Saga",critical,dual writes inconsistency database broker atomicity outbox,2026-09-29,https://docs.aws.amazon.com/prescriptive-guidance/latest/cloud-design-patterns/transactional-outbox.html,official-docs
Chatty Microservices,Performance,Many small inter-service requests dominate endpoint latency and reduce throughput,Fine-grained remote APIs turn one logical operation into repeated network round trips,Remote objects are treated like local objects; small methods seem reusable,Measure downstream request counts and latency; batch related reads or expose coarse-grained operations; bound payload size; cache only when freshness permits; reassess boundaries when batching cannot remove excessive calls,"API Gateway, BFF, CQRS, Materialized View",warning,chatty microservices network latency round trip overhead,2026-09-29,https://learn.microsoft.com/en-us/azure/architecture/antipatterns/chatty-io/,official-docs
Unbounded Retry,Reliability,Retries amplify overload and delay recovery; synchronized clients create traffic spikes,Unbounded attempts or retries at multiple layers multiply load; backoff without jitter synchronizes callers,Retries seem like the simplest way to handle transient errors,Retry only eligible failures and safely repeatable operations; cap attempts and total elapsed time; use capped exponential backoff with jitter and a retry budget; choose one retry owner and account for SDK retries,"Circuit Breaker, Exponential Backoff, Dead Letter Queue",critical,unbounded retry thundering herd backoff jitter max attempts retry amplification budget,2026-09-29,https://builder.aws.com/content/3EumjoZascWd1oZiEgL8ORlv3qE/timeouts-retries-and-backoff-with-jitter,engineering-blog
Missing Idempotency Key,Reliability,Retrying a non-idempotent request after a lost response repeats business side effects,The service cannot distinguish retries of one operation from new operations,Idempotency adds complexity; happy path works without it,Use one unique key per logical non-idempotent operation and reuse it on retries; reject mismatched parameters; return the recorded outcome; document retention and concurrent-request behavior; already idempotent operations may not need a key,"Idempotent Consumer, Transactional Outbox, At-Least-Once Delivery",critical,idempotency key duplicate retry deduplication side effect retention,2026-09-29,https://docs.stripe.com/api/idempotent_requests,official-docs
Premature Microservices,Architecture,Delivery slows while operational overhead and cross-service refactoring grow,Adopting fine-grained services before domain boundaries and operating capabilities are understood,Independent teams and scaling appear to justify decomposition before the need is established,Consider a modular monolith or a few coarse-grained services while learning the domain; split when stable boundaries and concrete needs justify the operational cost; experienced teams with known boundaries may start with services,"Modular Monolith, Bounded Context, Strangler Fig",warning,premature microservices monolith team size operational overhead,2026-09-29,https://martinfowler.com/bliki/MonolithFirst.html,engineering-blog
Log-and-Throw,Observability,Multiple layers record the same fault as separate errors; diagnostic noise obscures the actual failure,Each catch block logs and propagates a fault without an agreed reporting owner,Local logging seems to guarantee the failure will be visible,Choose a fault-handling boundary to record the cause and stack; propagate diagnostic context through lower layers; avoid repeated error logs for the same fault; distinct business or audit events can still be logged where they occur,"Error Boundary, Structured Logging, Exception Handling",warning,log and throw duplicate logging noise rethrow exception,2026-09-29,https://www.oracle.com/technical-resources/articles/enterprise-architecture/effective-exceptions-part2.html,engineering-blog
Generic Error Swallowing,Reliability,An operation appears successful despite failed work; state may remain partially updated,Catching an exception and continuing without recovery or a visible failure outcome,Prevents crashes; makes the service appear resilient,Catch errors where recovery or translation is possible; otherwise propagate the original cause; restore state or roll back partial changes; release resources reliably; broad catches at explicit boundaries must report failure rather than silently succeed,"Fail Fast, Error Boundary, Circuit Breaker",critical,error swallowing catch all silent failure exception broad,2026-09-29,https://learn.microsoft.com/en-us/dotnet/standard/exceptions/best-practices-for-exceptions,official-docs
N+1 Query,Performance,Query count grows with the number of parent records; repeated database round trips increase latency,Code or ORM lazy loading fetches related records separately for each parent,Lazy access hides extra queries; small test datasets mask the cost,Inspect generated SQL and query counts; project needed fields and eagerly load or batch required relations; paginate parent results; consider split queries when joins cause excessive row duplication; measure round trips and result size,"Eager Loading, DataLoader, Query Optimization",warning,n+1 query orm lazy load dataloader prefetch eager,2026-09-29,https://learn.microsoft.com/en-us/ef/core/performance/efficient-querying,official-docs
Secrets in Environment Variables,Security,Secrets can leak through environment inspection or diagnostic logs and dumps depending on platform permissions,Long-lived credentials are injected without controlling exposure and lifecycle; image ENV or ARG may persist secrets,Environment injection is convenient and widely supported,Prefer runtime retrieval from a secrets manager or restricted runtime-mounted secret files; use least privilege and rotation; never bake secrets into images; if environment injection is unavoidable restrict inspection and prevent diagnostic leakage; files also require access controls,"Vault, KMS, Secret Rotation, Zero Trust",critical,secrets environment variables env var plaintext vault kms,2026-09-29,https://cheatsheetseries.owasp.org/cheatsheets/Secrets_Management_Cheat_Sheet.html,official-docs
Time-Based Cache Invalidation Only,Cache,Cached values remain stale after writes beyond the application's freshness tolerance,Expiration policy is treated as a consistency guarantee without accounting for external writers or cache refill behavior,TTL is simple and can be sufficient when bounded staleness is acceptable,Define acceptable staleness per data type; update the data store before invalidating cache-aside entries; cover external writers with invalidation where needed and retain expiry as a fallback; cache-aside does not guarantee strong consistency; bypass caching when freshness is mandatory,"Cache-Aside, Write-Through, CDC, Pub/Sub Invalidation",warning,cache invalidation ttl stale stampede event driven,2026-09-29,https://learn.microsoft.com/en-us/azure/architecture/patterns/cache-aside,official-docs
Polling Instead of Events,Messaging,Frequent empty status checks waste capacity or polling intervals miss response-latency requirements,Polling frequency and notification mechanism are chosen without workload or client constraints,Polling uses ordinary HTTP and avoids callback infrastructure,Use push notifications or brokers when latency and volume justify them; polling remains valid for long-running jobs or unavailable callbacks; expose a status resource and Retry-After; stop at terminal states and define timeout and cancellation behavior,"Event-Driven Architecture, CDC, Webhooks, Message Broker",warning,polling instead events webhook cdc push notification wasted resources,2026-09-29,https://learn.microsoft.com/en-us/azure/architecture/patterns/asynchronous-request-reply,official-docs
Missing Remote Call Deadlines,Reliability,Stalled dependencies retain resources; downstream work continues after the caller gives up,Remote calls have no realistic deadline or each downstream hop resets the full time budget,Defaults avoid choosing timeout values and appear to accommodate slow operations,Set explicit deadlines based on latency needs and load tests; propagate the remaining budget to downstream calls; stop spawned work when cancellation is observed; verify each client library's deadline propagation behavior,"Deadline Propagation, Cancellation, Bulkhead",critical,missing timeout deadline remote call hanging resource exhaustion cancellation propagation,2026-09-29,https://grpc.io/docs/guides/deadlines/,official-docs
Unbounded Work Queues,Reliability,Queue wait and memory usage grow under sustained overload; callers time out before work starts,Admission exceeds processing capacity without bounds on queued or in-flight work,Buffering every request appears to avoid rejecting work during bursts,Bound queue length and in-flight concurrency using measured capacity and latency budgets; reject excess work early with an explicit overload response; discard expired request work where semantics permit; load-test overload and recovery,"Backpressure, Load Shedding, Bulkhead",critical,unbounded queue backlog memory overload admission control backpressure load shedding,2026-09-29,https://sre.google/sre-book/addressing-cascading-failures/,book
Per-Request Client Construction,Performance,Connection churn and socket exhaustion appear under load; setup costs reduce throughput,Each request creates and destroys a client that owns reusable connection pools,Short object lifetimes seem to guarantee prompt cleanup,Reuse documented thread-safe clients or managed handler pools; configure connection lifetime for DNS changes; keep request-specific state out of shared mutable defaults; promptly return borrowed database connections to their pool,"Connection Pooling, Resource Lifecycle, Dependency Injection",warning,http client per request connection pooling socket exhaustion improper instantiation dns lifetime,2026-09-29,https://learn.microsoft.com/en-us/azure/architecture/antipatterns/improper-instantiation/,official-docs
