Name,Category,Formula,Inputs,Example Calculation,Rule of Thumb,Gotcha,Source URL,Last Updated,Source Type
Little's Law,Queuing Theory,L = λ × W,λ = long-run admitted throughput (req/s); W = mean residence time (s) at the same boundary; L = time-average requests present,Illustrative 5000 admitted req/s × 0.05 s mean time = 250 concurrent requests on average,Use consistent populations and finite long-run averages in stable operation; include queue time for total in-system L but exclude it for busy-server occupancy,Mean occupancy is not a pool maximum or percentile; typical unbounded stochastic queues require arrival rate strictly below service capacity; equality is not a general stability guarantee; rejected arrivals are excluded from the admitted population,https://web.mit.edu/urban_or_book/www/book/chapter4/4.4.html,2026-09-29,book
QPS from Daily Active Users,Traffic Estimation,avg_QPS = DAU × actions_per_user_per_day × requests_per_action / 86400; peak_QPS = avg_QPS × peak_factor,DAU; mean actions per active user per 24h; mean backend requests per action; measured or explicitly assumed peak factor,Illustrative 10M DAU × 10 actions × 1 request / 86400 = 1157.41 QPS average; assumed 3x peak = 3472.22 QPS,Estimate daily volume first; measure peak arrival rate at the time resolution relevant to scaling and latency,3x is a scenario not a default; include retries and background traffic at the chosen service boundary; a daily mean hides bursts and QPS alone does not measure CPU cost,https://sre.google/sre-book/handling-overload/,2026-09-29,book
Storage Estimation,Capacity Planning,replicated_data_bytes = rows × avg_stored_bytes_per_row × replication_factor,Retained row count; representative stored bytes per row including indexes and storage overhead; replication_factor = total full copies including primary,Illustrative 1e9 rows × 200 B × 3 total copies = 600e9 B = 600 GB = 558.79 GiB before separately budgeted space,Measure representative physical data and index sizes; budget WAL and backups and growth and rebuild free space separately,Do not add index overhead twice if using total relation size; no universal 30% index or compression multiplier; RF=3 means primary plus two copies; erasure coding uses a different model,https://www.postgresql.org/docs/current/functions-admin.html#FUNCTIONS-ADMIN-DBSIZE,2026-09-29,official-docs
Bandwidth Estimation,Network Planning,payload_Bps = sum(endpoint_QPS × mean_payload_bytes); payload_bps = 8 × payload_Bps,Per-endpoint requests/s and mean bytes/request over the same interval; compute ingress and egress separately,Illustrative egress 5000 QPS × 2000 B = 10 MB/s = 80 Mbit/s; 2048 B instead gives 81.92 Mbit/s,Use weighted mean payloads for byte accounting and measured short-window peaks for provisioning; MB=1e6 B and MiB=2^20 B,Request and response sizes are not generally equal; do not blindly double traffic or use a fixed protocol overhead; QPS times P95 payload is not a P95 bandwidth estimate,https://physics.nist.gov/cuu/Units/binary.html,2026-09-29,official-docs
USL (Universal Scalability Law),Scalability Modeling,C(N) = N / (1 + α(N-1) + βN(N-1)),N = positive integer concurrency or node count varied in a controlled test; α and β = fitted dimensionless contention and coherency coefficients,Illustrative α=0.01; β=0.001; N=10: C=10/1.18 = 8.47x single-unit throughput,For 0 <= α < 1 and β > 0 the continuous peak is sqrt((1-α)/β); compare feasible neighboring integers and N=1,Fit measured steady-state throughput at several loads; coefficients and extrapolated peaks are estimates; β=0 has no finite interior peak; do not confuse normalized C with absolute QPS,https://www.perfdynamics.com/Manifesto/USLscalability.html,2026-09-29,engineering-blog
Amdahl's Law,Parallelism,Speedup = 1 / ((1-p) + p/N),p = fraction of serial execution time parallelizable (0 to 1); N = positive integer processors,Illustrative p=0.95; N=16: speedup = 1/0.109375 = 9.14x,For p<1 the asymptotic speedup is 1/(1-p); 5% serial time limits ideal speedup to 20x,Fixed-workload ideal bound assumes unchanged serial work and no added communication or scheduling overhead; replicas or shards do not automatically satisfy these assumptions,https://hpc.llnl.gov/documentation/tutorials/introduction-parallel-computing-tutorial,2026-09-29,official-docs
Connection Pool Sizing,Resource Planning,mean_busy_connections = QPS × mean_connection_seconds_per_request; candidate_pool = ceil(mean_busy_connections × (1 + headroom_fraction)),QPS through this pool; mean sum of connection checkout durations per request in seconds; headroom_fraction >= 0,Illustrative 5000 QPS × 0.005 connection-seconds/request = 25 busy connections; assumed 50% headroom gives ceil(37.5) = 38,Use checkout-to-return time including transaction and application work while held; benchmark candidate pools against database throughput and wait-time SLOs,HikariCP core*2+spindles is a starting heuristic not a hard limit; no universal PostgreSQL 200-connection ceiling; sum pools across app instances; nested checkouts can deadlock regardless of average occupancy,https://github.com/brettwooldridge/HikariCP/wiki/About-Pool-Sizing,2026-09-29,official-docs
Kafka Partition Sizing,Messaging,partitions >= ceil(max(target_MBps / producer_MBps_per_partition; target_MBps / consumer_MBps_per_partition; desired_active_consumers)),Target MB/s; measured producer and consumer MB/s per partition under intended settings; desired active consumers in one conventional consumer group,Illustrative target=100 MB/s; producer=5 MB/s; consumer=2 MB/s; desired consumers=30: ceil(max(20;50;30)) = 50 partitions,Measure both producer and application consumer bottlenecks with intended replication and acknowledgments and compression; one partition is assigned to one consumer within a conventional group,Assumes balanced keys and adequate aggregate broker resources; hot partitions break linear scaling; 1 MB/s is not universal; the cited 2015 partition-count guidance is not a current broker limit,https://www.confluent.io/blog/how-choose-number-topics-partitions-kafka-cluster/,2026-09-29,engineering-blog
Cache Size Estimation,Memory Planning,dataset_bytes = working_set_keys × mean_allocated_bytes_per_key,Working-set key count; representative mean allocated key-plus-value bytes including per-key metadata; separate process and buffer reserve,Illustrative 100000 keys × assumed 1500 allocated B/key = 150 MB = 143.05 MiB dataset before process reserve,Sample Redis MEMORY USAGE across actual encodings and key sizes; inspect INFO memory and leave RAM beyond maxmemory for excluded replication and AOF buffers,No universal 1.5-2x payload multiplier or 80/20 hit ratio; sampled key usage is not process RSS; account for fragmentation and persistence peaks without double-counting per-key overhead,https://redis.io/docs/latest/commands/memory-usage/,2026-09-29,official-docs
Disk IOPS Planning,Storage,required_IOPS = QPS × mean_device_IOs_per_query; required_Bps = required_IOPS × mean_IO_bytes,QPS; measured device reads plus writes per query after caching and write amplification; mean IO size; volume and host IOPS and throughput limits,Illustrative 5000 QPS × 4 device IO/query = 20000 IOPS; 16 KiB/IO requires 312.5 MiB/s,Check IOPS and byte throughput and queue-depth latency together; benchmark the actual read/write mix and block size,Advertised IOPS are not inherently sequential; EBS SSD splits IO above 256 KiB and can merge adjacent IO; application calls are not device IO; adding disks need not bypass instance or controller limits,https://docs.aws.amazon.com/AWSEC2/latest/UserGuide/ebs-io-characteristics.html,2026-09-29,official-docs
Replication Bandwidth,Data Replication,primary_egress_Bps = replication_stream_Bps × (replication_factor - 1),Measured replication stream bytes/s such as WAL rather than application payload; replication_factor = total copies including primary; direct primary-to-each-follower topology,Illustrative 50 MB/s WAL × (3 total copies - 1) = 100 MB/s primary replication egress = 800 Mbit/s,Provision each replication link above sustained log generation rate and reserve catch-up bandwidth; count bytes once per link rather than both sender and receiver,RF=1 gives zero follower traffic; cascaded topologies change primary egress; add protocol and snapshot traffic; synchronous commit waits for required acknowledgments and does not universally double latency,https://www.postgresql.org/docs/current/warm-standby.html,2026-09-29,official-docs
Fanout Estimation,Social/Feed,logical_deliveries = sum(eligible_materialized_recipients_per_post) = posts × mean_recipients_per_post,Posts per period; post-weighted mean recipients selected for fanout-on-write after filtering; not the mean follower count across all users,Illustrative 1M posts/day × 100 materialized recipients/post = 100M logical feed insertions/day before retries and replication,Count one logical insertion per selected recipient; estimate hybrid push cohorts separately from read-time fetching,Strategy is not a numeric multiplier; prolific authors can bias fanout; no universal 10K-follower cutoff; canonical post writes and retry duplicates and physical replicas are additional work,https://docs.aws.amazon.com/sns/latest/dg/sns-sqs-as-subscriber.html,2026-09-29,official-docs
SLO Error Budget,Reliability,budget_fraction = 1 - SLO; allowed_bad_events = eligible_events × budget_fraction; allowed_bad_time = period × budget_fraction,SLO as a fraction from 0 to 1; eligible request count for event-based SLI OR period duration for time-based SLI,Illustrative time-based 99.9% over 30 days: 0.001 × 43200 min = 43.2 min; request-based over 1M requests: 1000 bad requests,For exactly 30 days: 99.99% permits 4.32 min; 99.9% permits 43.2 min; 99% permits 7.2 h under a time-based SLI,Request-based budgets cannot generally be converted to downtime; slow responses count only if the SLI defines them as bad; distinguish total budget from remaining budget after observed errors,https://sre.google/sre-book/service-level-objectives/,2026-09-29,book
Memory Bandwidth,Hardware,theoretical_Bps = transfer_rate_MTps × 1e6 × (data_bus_bits / 8) × independent_channels,Effective transfer rate in MT/s; useful data bits per channel excluding ECC; number of populated independent channels,Illustrative 4800 MT/s × 1e6 × (64/8) × 2 = 76.8e9 B/s = 76.8 GB/s = 71.53 GiB/s,MT/s already counts transfers per cycle; multiply clock Hz by transfers/cycle only when starting from clock frequency; benchmark sustained bandwidth separately,DDR5-4800 is not a 4800 MHz clock; do not double DDR twice or double-count subchannels; DIMMs sharing a channel do not multiply bus width; NUMA and access-pattern penalties are workload-specific,https://docs.nvidia.com/cuda/cuda-c-best-practices-guide/index.html#theoretical-bandwidth-calculation,2026-09-29,official-docs
TCP Connection Capacity,Networking,outbound_tuple_ceiling = usable_source_ports × source_IPs × distinct_destination_IP_port_pairs,Usable ephemeral ports per source IP after reservations; reachable source IP count; distinct destination IP:port pairs; TCP source-tuple sharing enabled,Illustrative Linux default with no reserved ports: (60999 - 32768 + 1) × 1 source IP × 10 destinations = 282320 possible tuples,This is an outbound tuple-space upper bound not an inbound server connection limit; Linux default range has 28232 ports; measure file descriptors and socket memory too,bind-before-connect can prevent sharing across destinations; TIME_WAIT and NAT and conntrack and destination skew reduce capacity; tcp_fin_timeout controls orphan FIN_WAIT_2 not TIME_WAIT; do not disable protocol safeguards,https://www.kernel.org/doc/html/latest/networking/ip-sysctl.html,2026-09-29,official-docs
CPU Capacity from Service Demand,Compute Planning,required_CPU = QPS × CPU_seconds_per_request / target_utilization; CPU_bound_QPS = effective_CPU × target_utilization / CPU_seconds_per_request,QPS; measured CPU seconds per request summed across threads on target hardware; effective_CPU in CPU-seconds/second; target utilization fraction strictly between 0 and 1,Illustrative 2000 QPS × 0.002 CPU-s/request / 0.5 utilization = 8 CPU units; a 2-CPU quota at 0.5 utilization gives 500 QPS,Profile representative request mixes; include background CPU separately; a 500m CPU limit is 0.5 CPU; check quotas and cpusets and host contention before counting cores,CPU time is not elapsed latency; Kubernetes requests are scheduling inputs not hard ceilings and limits throttle; this is a CPU-only estimate not guaranteed throughput; serial paths and IO or memory can bottleneck first,https://sre.google/sre-book/handling-overload/,2026-09-29,book
Queue Backlog Drain Time,Queuing Theory,drain_seconds = backlog_messages / (completion_rate - arrival_rate); required_completion_rate = arrival_rate + backlog_messages / target_drain_seconds,Backlog >= 0; sustained successful completion rate and new arrival rate in messages/s; target drain duration > 0; comparable work per message,Illustrative 1M queued messages / (5000 completions/s - 4000 arrivals/s) = 1000 s = 16.67 min,Recovery capacity must process new arrivals plus backlog; estimate per partition and monitor oldest-message age; bound queues and retry budgets,A positive backlog has no finite drain time when completion_rate <= arrival_rate; constant-rate fluid estimate excludes warm-up and changing job costs; redelivery is extra load and processing attempts are not successful completions,https://sre.google/sre-book/addressing-cascading-failures/,2026-09-29,book
TCP Bandwidth Delay Product,Network Planning,BDP_bytes = target_bits_per_second × RTT_seconds / 8; window_bound_Bps = min(receive_window_bytes; congestion_window_bytes) / RTT_seconds,Target per-flow data bit rate; measured round-trip time in seconds; usable receive and congestion windows in bytes,Illustrative 1 Gbit/s × 0.08 s / 8 = 10 MB = 9.54 MiB in flight; a 1 MiB limiting window at 80 ms caps the estimate at 104.8576 Mbit/s,For a sustained flow both windows need to accommodate the bandwidth-delay product; window scaling supports larger receive windows,Window/RTT is a bound not guaranteed goodput; loss and slow start and application or path limits reduce throughput; use round-trip not one-way delay; BDP is not a prescription for router queue size,https://www.rfc-editor.org/rfc/rfc7323.html,2026-09-29,rfc
