Service,Provider,Category,Equivalent AWS,Equivalent GCP,Equivalent Azure,Use Case,Strengths,Weaknesses,Pricing Model,Keywords,Notes
EC2,AWS,Compute (VM),EC2,Compute Engine,Virtual Machines,"General-purpose VMs","Widest selection (incl. ARM Graviton), spot, hibernation","Higher ops burden than serverless","Per-second billing","ec2 vm graviton spot","Default to Graviton (arm64) for ~30% better price/perf; use Spot for fault-tolerant workloads."
ECS / Fargate,AWS,Container,ECS / Fargate,Cloud Run / GKE Autopilot,Container Apps / AKS,"Containers without managing nodes","Tight AWS IAM/networking integration, no node ops (Fargate)","ECS-only ecosystem (vs portable K8s)","Per-task vCPU/memory","ecs fargate container","Use Fargate when you don't want to manage worker nodes; otherwise EKS."
EKS,AWS,Kubernetes,EKS,GKE,AKS,"Managed Kubernetes","CNCF-portable, mature, EKS Auto Mode (2024)","Cost (control plane + nodes), upgrade cadence","Hourly control plane + nodes","eks kubernetes managed control plane","Bottlerocket AMI + Karpenter for cheapest, fastest scaling."
Lambda,AWS,Serverless function,Lambda,Cloud Functions / Cloud Run jobs,Functions,"Event-driven workloads, glue, APIs (low-mid traffic)","No servers, scales to zero, native event sources","Cold starts, 15-minute max, vendor lock-in","Per-request + GB-second","lambda serverless function","Use SnapStart for Java, provisioned concurrency for predictable latency."
S3,AWS,Object storage,S3,Cloud Storage,Blob Storage,"Datalakes, backups, static assets","11×9s durability, lifecycle tiers, strong consistency","Per-request cost; egress fees painful","Per-GB stored + per-request + egress","s3 object storage glacier intelligent tiering","Enable Block Public Access at account level; use Intelligent-Tiering for unknown access patterns."
RDS / Aurora,AWS,Managed RDBMS,RDS / Aurora,Cloud SQL / AlloyDB,Azure Database for *,"Postgres/MySQL/MariaDB/Oracle/SQL Server","Backups, multi-AZ failover, Aurora Serverless v2","I/O & storage cost; vendor extensions limit","Hourly + storage + I/O","rds aurora postgres mysql","Aurora Serverless v2 is great for variable workloads; AlloyDB beats Postgres on analytics."
DynamoDB,AWS,Managed NoSQL,DynamoDB,Firestore / Bigtable,Cosmos DB,"Hyperscale serverless KV/document","Single-digit ms at any scale, on-demand mode","Cost without single-table design; vendor lock-in","RCU/WCU or per-request","dynamodb dax single-table","Use 'on-demand' for spiky workloads; PITR + global tables for DR."
ElastiCache / MemoryDB,AWS,Managed Redis/Memcached,ElastiCache,Memorystore,Azure Cache for Redis,"Managed cache","Zero ops, encryption, multi-AZ","Per-node hourly cost","Hourly per node","elasticache memorydb redis cache","MemoryDB is durable Redis (multi-AZ WAL) for primary store use-cases."
SQS,AWS,Queue,SQS,Pub/Sub Lite (close),Service Bus / Storage Queue,"Async decoupling, retry/DLQ","Serverless, FIFO mode, IAM-integrated","No native broadcast (use SNS+SQS)","Per million requests","sqs queue dlq","Combine with SNS fan-out for one-to-many delivery."
SNS / EventBridge,AWS,Pub/Sub & Event Bus,SNS / EventBridge,Pub/Sub / Eventarc,Event Grid,"Fan-out, partner integrations, scheduled events","Native target catalogue, schema registry","AWS lock-in","Per million events","sns eventbridge eventbridge pipes","EventBridge Pipes give Kafka-like source→target with no code."
Kinesis Data Streams,AWS,Managed log,Kinesis,Pub/Sub,Event Hubs,"Real-time ingestion, click-stream","Auto-scaling on-demand mode","Lower throughput per shard than Kafka","Per shard hour or per record","kinesis stream shard","Use Firehose to land in S3/Redshift without code."
Cloud Run,GCP,Serverless containers,App Runner / Lambda (container) / Fargate,Cloud Run,Container Apps,"HTTP services & jobs from a container","Scales to zero, fastest cold-start in class, request-based billing","GCP-only","Per-request + CPU/memory time","cloud run gcp serverless containers","Pin to gen2 + min-instances=0 for 'serverless monolith' that costs ~$0 idle."
GKE,GCP,Kubernetes,EKS,GKE / Autopilot,AKS,"Managed Kubernetes","Best-in-class autoscaling (Autopilot), GKE Enterprise (Anthos)","GCP-only","Cluster + node hourly","gke autopilot anthos","GKE Autopilot abstracts nodes entirely; pay per pod CPU/memory."
BigQuery,GCP,Serverless DWH,Redshift / Athena,BigQuery,Synapse,"Petabyte-scale analytics, ML SQL","Serverless, on-demand SQL, BI Engine, BigQuery ML","On-demand pricing surprises; cross-region transfer cost","Per TB scanned or slot reservations","bigquery dwh slots reservation","Use partition + cluster keys; switch to slot reservations once spend predictable."
Pub/Sub,GCP,Pub/Sub,SNS+SQS,Pub/Sub,Service Bus,"Global pub/sub, event ingestion","Global, autoscale, exactly-once, ordering keys","GCP-only","Per GB","pubsub gcp ordering keys exactly-once","Pub/Sub Lite is cheaper, partitioned, log-style alternative."
Cloud Spanner,GCP,Distributed SQL,Aurora DSQL (preview) / DynamoDB,Spanner,Cosmos DB (SQL API),"Global ACID OLTP","TrueTime, horizontal scale + ACID","Cost; small-query latency","Per node hour","spanner truetime distributed sql","Use granular instances + 'PROCESSING_UNITS' for small workloads."
AKS,Azure,Kubernetes,EKS,GKE,AKS,"Managed Kubernetes","Free control plane (paid SLA tier), AAD integration, Bicep/ARM","Less polished autoscaling than GKE Autopilot","Node hourly + optional SLA","aks kubernetes azure aad","Pair with Azure CNI Overlay + Cilium for modern networking."
Azure Functions,Azure,Serverless function,Lambda,Cloud Functions,Functions,"Event-driven workloads","Tight Azure integration, durable functions for workflows","Cold starts on consumption plan","Per-execution or premium plan","azure functions durable","Durable Functions = Temporal-style orchestration without extra infra."
Cosmos DB,Azure,Multi-model NoSQL,DynamoDB,Spanner / Firestore,Cosmos DB,"Global multi-model (SQL/Mongo/Cassandra/Gremlin/Table) DB","Multi-region writes, 5 consistency levels","RU pricing model has steep learning curve","RU/s","cosmos db ru multi-region","Choose consistency level deliberately (Session is the sweet spot)."
Cloudflare Workers / R2 / D1,Cloudflare,Edge platform,Lambda@Edge / S3 (very different model),N/A,N/A,"Edge functions + storage, no egress fees","Zero-cost egress (R2), global by default, fastest cold-start","Less mature than hyperscaler primitives, KV is eventually consistent","Per-request + per-GB","cloudflare workers r2 d1 kv durable objects","Durable Objects give consistent per-key actor-style state at the edge."
Vercel / Netlify / Render / Fly.io,PaaS,App platform,App Runner / Fargate,Cloud Run,App Service / Container Apps,"Push-to-deploy app hosting","DX & build pipelines, preview environments","Vendor lock-in, less control","Subscription + usage","vercel netlify render fly paas","Fly.io is unique for global, multi-region apps with VM-grade primitives."
