Name,Standard,Category,Engineering Requirement,Verification Method,Gotcha,Penalty,Source URL,Last Updated,Source Type
Audit Logging,SOC2,Logging,Recommended engineering practice: select security-relevant events and capture actor/action/time/resource/outcome; protect logs against unauthorized modification and review them under documented policy,Test event coverage and log access restrictions; inspect alert handling and evidence retention against the scoped control design,Write-once storage and a separate store are implementation options not established universal SOC2 mandates; detailed criteria mapping remains unverified,SOC2 is an assurance report rather than certification; deficiencies may affect the report or contracts rather than incur an automatic regulatory fine,https://www.aicpa-cima.com/resources/download/2017-trust-services-criteria-with-revised-points-of-focus-2022,2025-01,official-docs
Encryption at Rest,SOC2/HIPAA/PCI,Data Protection,For HIPAA regulated entities evaluate ePHI encryption through risk analysis; implement when reasonable and appropriate or document the permitted alternative/rationale; select other encryption and key-management controls for applicable scope,Inspect encryption coverage and key access; review HIPAA addressable-specification decisions; verify applicable PCI requirements and SOC2 control commitments separately,HIPAA addressable does not mean optional; universal AES-256 and 90-day rotation and field-level encryption mandates were not established; detailed PCI and SOC2 mapping remains unverified,HIPAA enforcement is circumstance-dependent; SOC2 reporting and PCI contractual consequences are separate,https://www.hhs.gov/hipaa/for-professionals/faq/2001/is-the-use-of-encryption-mandatory-in-the-security-rule/index.html,2025-01,official-docs
Encryption in Transit,SOC2/PCI,Data Protection,For applicable PCI DSS cryptographic protections use strong cryptography with secure TLS configuration; monitor evolving threats and update implementations; map SOC2 controls to engagement scope separately,Scan enabled protocols and cipher suites; test certificate validation and renewal; inspect negotiated configurations rather than version labels alone,PCI SSC does not prescribe a TLS version list; SSL and vulnerable early TLS including 1.0/1.1 are not strong cryptography; mTLS is a design choice rather than a universal mandate,A TLS configuration alone does not establish PCI compliance or a SOC2 assurance conclusion,https://www.pcisecuritystandards.org/faqs/1491,2026-09-29,official-docs
Access Control (RBAC/ABAC),SOC2/HIPAA,Authorization,HIPAA regulated entities authorize access to ePHI for appropriate users and roles; RBAC or ABAC and least privilege are implementation approaches; align SOC2 controls to scoped objectives,Test authorization and termination; review human and service-account permissions at a documented risk-based cadence; inspect access records,Quarterly reviews and a particular access-control model are not established universal mandates; detailed SOC2 criteria mapping remains unverified,HIPAA violations may trigger enforcement; SOC2 deficiencies may affect the assurance report or contracts,https://www.hhs.gov/hipaa/for-professionals/security/laws-regulations/index.html,2025-01,official-docs
Data Retention and Deletion,GDPR/CCPA,Data Lifecycle,For applicable processing define purpose-based retention and erasure workflows; GDPR controllers respond without undue delay within one month; covered CCPA businesses act on verifiable deletion requests within 45 days,Test request routing and deletion propagation; record lawful retention exceptions; track deadline and extension notices,GDPR permits two further months where justified; CCPA permits one further 45-day extension when reasonably necessary; notify within the initial period; assess backups and legal holds rather than promise immediate universal purge,Applicable privacy-law enforcement is case-specific; erasure is not absolute,https://www.edpb.europa.eu/sme/be-compliant/respect-individuals-rights_en,2026-09-29,official-docs
Consent Management,GDPR/CCPA,Privacy,Identify the applicable GDPR lawful basis per purpose; when relying on consent record freely given specific informed unambiguous agreement and enable easy withdrawal; covered CCPA businesses support sale/sharing opt-out including GPC,Test purpose-specific consent records and withdrawal propagation; test GPC and sale/sharing suppression where applicable,Consent is not required for every GDPR processing operation; explicit consent is required only in specified cases; CCPA is not a blanket opt-in regime; special-category and children's data need separate assessment,Applicable privacy-law enforcement depends on scope and infringement,https://www.edpb.europa.eu/sme/be-compliant/process-personal-data-lawfully_en,2026-09-29,official-docs
Data Breach Notification,GDPR/HIPAA,Incident Response,GDPR controllers notify the authority without undue delay and where feasible within 72 hours of awareness unless risk is unlikely; notify individuals without undue delay for likely high risk subject to exceptions; HIPAA covered entities notify individuals of unsecured PHI breaches without unreasonable delay and within 60 days of discovery,Exercise jurisdiction-specific runbooks; record awareness/discovery and risk assessment; retain notification or non-notification evidence,GDPR processors notify controllers without undue delay; HIPAA business associates notify covered entities without unreasonable delay within 60 days; HHS and media thresholds have distinct rules; do not treat maximum periods as waiting periods,Notification failures may trigger applicable regulatory enforcement; no universal per-incident fine,https://www.edpb.europa.eu/sme/assess-the-risks/data-breaches_en,2026-09-29,official-docs
PCI DSS Network Segmentation,PCI,Network Security,Recommended scope-management practice: map the cardholder data environment and connected or security-impacting systems; where segmentation is used validate claimed isolation against applicable PCI DSS requirements,Review data flows and network rules; test reachability and segmentation effectiveness; confirm assessment-specific testing obligations with the assessor,Do not infer compliance or failure from flat-network topology alone; segmentation necessity and exact testing cadence were not verified from the accessible standard text,Consequences depend on payment-program and contractual arrangements; no universal per-incident fine established,https://www.pcisecuritystandards.org/document_library/,2025-01,official-docs
PHI Access Controls,HIPAA,Healthcare Data,For covered entities and business associates implement authorized access and authentication for ePHI systems; record and examine system activity; apply minimum necessary where applicable,Review access authorizations and audit records; test access termination and authentication; verify required business associate agreements,Security Rule covers ePHI rather than all health data; minimum necessary has Privacy Rule exceptions; a BAA does not replace safeguards,HIPAA enforcement depends on the violation and circumstances; no fixed per-control penalty,https://www.hhs.gov/hipaa/for-professionals/security/laws-regulations/index.html,2026-09-29,official-docs
Vulnerability Management,SOC2/PCI,Security,Recommended practice: inventory software and identify vulnerabilities; prioritize remediation by risk and track closure; separately apply verified PCI DSS patching and scanning requirements and scoped SOC2 commitments,Inspect scan coverage and remediation evidence; track deadlines by their actual contractual or standard basis; retest fixes,A universal 30-day CVE deadline and mandatory SBOM were not established; detailed PCI patch deadlines and ASV scope/cadence remain unverified rather than optional,Unresolved vulnerabilities create exposure; assessment and contractual consequences depend on applicable requirements,https://www.pcisecuritystandards.org/document_library/,2025-01,official-docs
Change Management,SOC2,Process,Recommended practice: document and authorize production changes with risk-appropriate testing and deployment evidence; maintain a controlled emergency-change path,Sample approvals and test evidence; trace deployments to authorized changes; review emergency exceptions and privileged actions,A change advisory board and a 24-hour retrospective deadline are not established universal SOC2 mandates; detailed criteria mapping remains unverified,Control deficiencies may affect the SOC2 assurance report or contracts; no automatic per-change fine,https://www.aicpa-cima.com/resources/download/2017-trust-services-criteria-with-revised-points-of-focus-2022,2025-01,official-docs
Data Residency,GDPR/Regional,Data Sovereignty,Map applicable localization obligations separately from GDPR transfers; for Chapter V transfers use applicable adequacy or appropriate safeguards such as SCCs with transfer assessment and supplementary measures where needed; derogations are exceptional,Review recipient and subprocessor locations including remote access; verify transfer mechanism scope and continuing validity; inspect data flows and transfer assessments,GDPR does not impose blanket EEA-only storage; regional hosting alone does not resolve transfers; adequacy is not the only route and SCC signature alone is insufficient,Unlawful transfers may trigger corrective measures and penalties under applicable law,https://www.edpb.europa.eu/sme/be-compliant/international-data-transfers_en,2026-09-29,official-docs
Secure Software Development,SOC2/PCI,SDLC,Use NIST SSDF as recommended secure-development guidance; select design review and code review and security testing practices for the software risk; separately map applicable PCI obligations and scoped SOC2 controls,Review secure-development evidence and remediation tracking; test selected pipeline gates and exception handling,Every-PR scanning and annual training are not established universal cross-framework mandates; NIST recommendations alone do not prove SOC2 or PCI compliance; detailed mappings remain unverified,Software weaknesses create exposure; assessment and contractual consequences depend on applicable requirements,https://csrc.nist.gov/pubs/sp/800/218/final,2025-01,official-docs
Business Continuity / DR,SOC2,Resilience,Recommended practice: define recovery objectives from business needs and scoped availability commitments; maintain recovery procedures and exercise restoration at a justified cadence,Measure restoration against documented RPO/RTO; record exercise results and corrective actions; check dependencies and backup recovery,An annual drill is not established here as a universal SOC2 mandate; availability scope and detailed criteria mapping require confirmation,Recovery failures create business risk; control deficiencies may affect the scoped SOC2 report or contracts,https://www.aicpa-cima.com/resources/download/2017-trust-services-criteria-with-revised-points-of-focus-2022,2025-01,official-docs
Third-Party Risk Management,SOC2,Vendor Management,Recommended practice: inventory relevant service providers and assess risks and contractual responsibilities; review assurance evidence within its actual scope; separately implement applicable GDPR processor-contract obligations,Review vendor dependencies and report scope/period/exceptions; verify contractual safeguards and documented reassessment triggers,A vendor SOC2 report does not certify your compliance; blanket annual review and automatic shared liability are unsupported; GDPR subprocessor authorization/contracts are separate legal duties; SOC2 mapping remains unverified,Consequences depend on scoped controls and contracts and applicable law; vendor incidents do not imply automatic shared liability,https://www.aicpa-cima.com/resources/download/2017-trust-services-criteria-with-revised-points-of-focus-2022,2025-01,official-docs
Privacy by Design and Default,GDPR,Privacy Engineering,GDPR controllers implement appropriate safeguards at design time and during processing; by default process only personal data necessary for each purpose including amount and accessibility and storage duration,Review collection schemas and default permissions; test optional fields and retention settings; retain design assessments,Minimization is not merely encryption or pseudonymization; technical controls support accountability but do not automatically certify compliance,Failure may trigger GDPR corrective measures or penalties depending on circumstances,https://www.edpb.europa.eu/sme/be-compliant/be-compliant_en,2026-09-29,official-docs
Data Protection Impact Assessment,GDPR,Risk Assessment,GDPR controllers assess planned processing before it begins and perform a DPIA where likely high risk to rights and freedoms; document necessity and proportionality and mitigations; consult the authority before processing if residual risk remains high,Record DPIA screening decisions; check competent authority lists; review mitigations and reassess when processing risks change,A security threat model alone is not a DPIA; not every project needs a DPIA and not every DPIA needs prior consultation,Failure may trigger GDPR corrective measures or penalties depending on circumstances,https://www.edpb.europa.eu/sme/be-compliant/be-compliant_en,2026-09-29,official-docs
Data Subject Access and Portability,GDPR,Privacy Rights,GDPR controllers facilitate access requests and provide applicable information and a copy of personal data; portability applies to automated processing based on consent or contract for data provided by the individual; support machine-readable export,Test identity checks and secure export delivery; inspect export completeness and third-party redaction; track the one-month response period and justified extension notices,Access and portability differ; portability includes observed data but not inferred data; protect others' rights and directly transfer only where technically feasible,Failure may trigger GDPR corrective measures or penalties depending on circumstances,https://www.edpb.europa.eu/sme/be-compliant/respect-individuals-rights_en,2026-09-29,official-docs
