Name,Category,Runtime,Use Case,Strengths,Weaknesses,Consistency Model,Gotcha,Source URL,Last Updated,Source Type
Cloudflare Workers,Compute Platform,V8 isolates with JavaScript and WebAssembly,Request transformation and routing and APIs near users,Streaming; service bindings; outbound TCP via cloudflare:sockets connect(),CPU and memory and subrequest quotas depend on plan and trigger; outbound TCP has destination restrictions; no inbound TCP listener,Compute has no durable state by itself; Workers KV is eventual; Durable Objects provide per-object strong consistency,Distinguish CPU from wall time: network waits do not consume CPU; configure paid CPU limits explicitly; do not use KV for atomic coordination,https://developers.cloudflare.com/workers/platform/limits/,2026-09-29,official-docs
Cloudflare Durable Objects,Stateful Edge,Workers runtime with single-threaded execution per object,Strongly consistent counters and sessions and coordination partitioned by object,Private transactional strongly consistent storage; SQLite storage and point-in-time recovery; compute colocated with storage,Hot objects limit throughput; placement affects latency; storage and CPU quotas depend on backend and plan,Strong consistency and transactions within an object; no cross-object transaction boundary,Use SQLite-backed namespaces for new deployments; persist required state through Storage API because memory is lost on eviction or deployment; single active compute location does not mean non-durable storage,https://developers.cloudflare.com/durable-objects/best-practices/access-durable-objects-storage/,2026-09-29,official-docs
Fastly Compute,Compute Platform,WebAssembly with WASI and Fastly-specific hostcalls,Edge request processing and caching using compatible language SDKs,Language SDKs; backend routing; cache control; Config Store and KV Store and Secret Store,Arbitrary Wasm binaries are not automatically compatible; resource quotas and SDK support require deployment-specific checks,Compute memory is not durable state; Fastly edge data stores are documented as durable and eventually consistent,Prefer supported SDKs and validate required hostcalls; VCL logic must be ported rather than run unchanged; VCL remains supported; do not assume WASI 0.3 availability from Wasm support alone,https://www.fastly.com/documentation/guides/compute/developer-guides/custom/,2026-09-29,official-docs
AWS CloudFront Functions,Lightweight Edge,Restricted JavaScript runtime; runtime 2.0 required for KeyValueStore,Viewer request and response rewriting and cache-key normalization and token validation,Lightweight execution at CloudFront edge locations; KeyValueStore reads without arbitrary network access,10 KB function code limit versus 2 MB memory; no arbitrary network or file access or request body access,Stateless execution; optional CloudFront KeyValueStore is separate distributed configuration,Use compute utilization metrics to budget execution; use Lambda@Edge when network or request body access is needed rather than assuming only header manipulation is possible,https://docs.aws.amazon.com/AmazonCloudFront/latest/DeveloperGuide/edge-functions-choosing.html,2026-09-29,official-docs
AWS Lambda@Edge,Full Edge Compute,Supported Node.js or Python Lambda runtimes on x86_64,CloudFront viewer and origin event processing requiring network or request body access,Network access; third-party libraries; viewer and origin triggers,Not full regional Lambda: no VPC attachment or layers or custom environment variables or container images or provisioned concurrency; event-specific quotas,Execution is not a durable data store; external state consistency depends on the chosen service and configuration,Publish a numbered function version in us-east-1; aliases and $LATEST are unsupported; use currently supported runtimes and account for request body truncation,https://docs.aws.amazon.com/AmazonCloudFront/latest/DeveloperGuide/lambda-at-edge-function-restrictions.html,2026-09-29,official-docs
Vercel Edge Functions,Application Edge,Vercel Functions using the V8-based Edge runtime; JavaScript/TypeScript,Existing Edge-runtime workloads with compatible frameworks and dependencies,Web APIs; streaming; preferred regions; automatic regional failover,Subset of Node.js APIs; no filesystem access; bundle limits vary by plan; framework support must be checked,Runtime provides no durable state guarantee; consistency belongs to the external data store and is not implied by a paid plan,Historical row name retained; Vercel recommends migrating Edge runtime workloads to Node.js; docs say Next.js 16.3 no longer supports runtime=edge for routes and pages; 25 seconds to start a response is not a 25ms CPU quota,https://vercel.com/docs/functions/runtimes/edge,2026-09-29,official-docs
Edge KV Stores,State Management,Provider-specific; Workers KV as documented example,Read-heavy configuration and feature flags with acceptable staleness,Globally cached reads; simple key-value API; useful for infrequent writes,Cold reads may reach central storage; cached misses also delay visibility; quotas and guarantees vary by provider,Workers KV is eventually consistent; updates may take 60 seconds or more elsewhere; even local immediate visibility is not guaranteed,Do not use Workers KV for atomic counters or inventory or immediate revocation; serializing writes through a Durable Object does not make downstream KV reads strongly consistent,https://developers.cloudflare.com/kv/concepts/how-kv-works/,2026-09-29,official-docs
WASI (WebAssembly System Interface),Runtime Standard,WebAssembly modules or components with versioned host interfaces,Sandboxed portable components where the target runtime implements the required WASI interfaces,Capability-based access; cross-language component composition; WASI 0.3 native async,Runtime and language tooling support differ; provider-specific hostcalls reduce portability; not all proposals are stable,N/A - interface specifications rather than a data store,Official releases list WASI 0.3 as stable and current; 0.2 is stable but superseded; 0.1 is legacy; pin compatible WIT and toolchain versions and verify host support before migration,https://wasi.dev/releases,2026-09-29,official-docs
Edge Databases,State Management,Provider-specific SQL services; Turso libSQL embedded replicas as one example,Read-heavy SQL near applications with explicit write and synchronization semantics,Embedded replicas serve local reads; Turso supports production embedded replicas and recommends Turso Sync for new sync projects,Embedded replicas need a filesystem; other-replica reads lag synchronization; offline writes require explicit support and configuration,Not universally eventual or multi-writer: Turso embedded replicas default to primary writes and read-your-writes on the initiating replica; other replicas require sync,Do not infer conflict resolution or offline writes from the edge label; distinguish libSQL embedded replicas from Turso Database with Turso Sync; verify runtime storage and SDK semantics before deployment,https://docs.turso.tech/features/embedded-replicas/introduction,2026-09-29,official-docs
CDN as Compute Platform,Architecture Pattern,Provider-specific edge runtimes with placement controls,Request routing and authentication near users with backend-heavy work placed near data,Can reduce origin traffic and request latency when compute placement matches dependencies,Repeated cross-region database calls can erase edge latency gains; placement controls have handler-specific restrictions,Compute location does not define consistency; selected database and cache contracts do,Measure end-to-end request duration; consider backend-near placement for chatty data access; Cloudflare placement documentation limits placement to fetch handlers rather than assuming RPC entrypoints are relocated,https://developers.cloudflare.com/workers/configuration/placement/,2026-09-29,official-docs
Cloudflare D1 Read Replication,State Management,SQLite-based D1 with Workers binding Sessions API,Scale geographically distributed SQL reads while preserving session ordering,Managed read replicas; bookmarks preserve read-your-writes and monotonic reads across requests,All writes go to the primary; replica lag can add waiting; Sessions API is unavailable via REST API,Asynchronous replication with sequential consistency within Sessions API sessions; not universal latest-data reads,Enable read replication and use withSession or queries stay on primary; carry bookmarks across requests; use first-primary when the initial query needs latest data; unconstrained sessions may start stale,https://developers.cloudflare.com/d1/best-practices/read-replication/,2026-09-29,official-docs
Amazon CloudFront KeyValueStore,State Management,CloudFront Functions JavaScript runtime 2.0,Redirect maps and feature flags updated independently of function code,Global configuration reads from Functions without arbitrary network access; separate data update API,Function helper methods are read-only; deployment quotas apply; propagation is not instantaneous,Values do not change during an invocation; updates are applied between invocations; no global immediate visibility guarantee,Associate the store before use; handle missing-key errors; use the KeyValueStore API ETag for writes rather than the different CloudFront API ETag; meta lastUpdatedDateTime excludes edge propagation time,https://docs.aws.amazon.com/AmazonCloudFront/latest/DeveloperGuide/kvs-with-functions-kvp.html,2026-09-29,official-docs
Cloudflare Workers Cache API,Architecture Pattern,Workers caches.default and Cache API,Explicit caching of reusable HTTP responses within a data center,Programmatic cache keys and expiration; conditional reads with ETag and Last-Modified,Contents are not replicated outside the originating data center; cache.put does not support tiered caching; misses require application handling,Local response cache rather than durable storage or globally coherent state; cache.delete purges only the current data center,Use fetch-based caching when tiered caching is needed; implement miss and expiration handling; do not treat a local delete as global invalidation or strip privacy protections merely to force caching,https://developers.cloudflare.com/workers/runtime-apis/cache/,2026-09-29,official-docs
