Name,Category,Level,Key Signals,Common Mistakes,Evaluation Criteria,Source URL,Last Updated,Source Type
Requirements Gathering,System Design,All,Clarifies user workflows and scope; states workload and data freshness assumptions; agrees measurable latency and availability goals plus budget and timeline,Chooses architecture before requirements; treats guessed scale as observed traffic; specifies targets without a measurement window,Are requirements testable? Are assumptions explicit and revisited when constraints change? Is scope achievable within the budget?,https://sre.google/workbook/non-abstract-design/,2026-09-29,book
Back-of-Envelope Estimation,System Design,Mid-Senior,Derives average QPS from active users and requests per user; separates peak assumptions from averages; estimates retention and replication and index overhead with units,Equates DAU with QPS; treats illustrative hardware throughput as a benchmark; ignores workload skew and uncertainty,Do dimensions and arithmetic agree? Which assumptions dominate capacity? What representative measurements would confirm or disprove the estimate?,https://sre.google/workbook/non-abstract-design/,2026-09-29,book
High-Level Architecture,System Design,All,Starts with the simplest feasible design; traces request and data flows; assigns component responsibilities and explains failure boundaries,Adds queues or microservices or separate read/write services by default; draws boxes without data flow; ignores single points of failure relative to availability goals,Does the design satisfy stated requirements? Is each added component justified by a constraint? Are remaining failure risks explicit?,https://sre.google/workbook/non-abstract-design/,2026-09-29,book
Database Schema Design,System Design,Mid-Senior,Models entities and invariants alongside query patterns; specifies keys and applicable constraints; weighs index and denormalization costs,Assumes read-heavy workloads require denormalization; relies on application checks without concurrency reasoning; assumes foreign keys automatically index referencing columns,Can the schema preserve required invariants? Do indexes support actual queries without unjustified overhead? How are duplicated values kept consistent?,https://www.postgresql.org/docs/current/ddl-constraints.html,2026-09-29,official-docs
API Design,System Design,All,Defines request and response contracts for chosen REST or RPC style; bounds collection responses with pagination; considers authorization and source/wire/behavioral compatibility,Treats page tokens as authorization; adds pagination after clients rely on full results; assumes additive fields or changed defaults cannot break clients,Are page limits and continuation behavior explicit? Are errors actionable? Can existing clients continue to work after the proposed change?,https://google.aip.dev/180,2026-09-29,official-docs
Scaling Discussion,System Design,Senior-Staff,Identifies resource bottlenecks and uneven load; compares optimization and vertical or horizontal scaling as needed; accounts for failover capacity and partitioning costs,Assumes horizontal scaling is always necessary or linear; adds caches or shards without evidence; ignores hot keys and cross-partition operations,Does the proposal fit peak and failure workloads? What measurement triggers the next scaling step? Are skew and coordination costs addressed?,https://sre.google/workbook/non-abstract-design/,2026-09-29,book
Trade-off Analysis,System Design,Senior-Staff,Compares viable alternatives against explicit requirements; explains costs and failure consequences; revisits choices when assumptions change,Presents one architecture as universally correct; lists alternatives without decision criteria; confuses illustrative estimates with measured performance,Why does this option fit better under stated assumptions? What evidence would change the decision? Is added operational complexity justified?,https://sre.google/workbook/non-abstract-design/,2026-09-29,book
Failure Mode Analysis,System Design,Senior-Staff,Traces partial failures and overload propagation; budgets deadlines and bounded retries with backoff and jitter; plans load shedding and tests degraded operation,Treats timeouts as proof no side effect occurred; retries at every layer; assumes circuit breakers or failover always improve availability,What happens when a dependency is slow or never responds? Are retries safe and bounded? Can remaining capacity absorb failover traffic and recover after overload?,https://sre.google/sre-book/addressing-cascading-failures/,2026-09-29,book
Consistency vs Availability,System Design,Senior-Staff,States invariants and observable consistency guarantees per operation; explains CAP choices during partitions and PACELC latency tradeoffs without partitions; plans conflict recovery,Uses CAP as unconditional pick-two; confuses replica consistency with ACID constraint validity; assumes mixed consistency models are mandatory,Which operations can proceed during a partition without violating invariants? What staleness or rejected operations can users tolerate? Is one model sufficient or are multiple models justified?,https://www.infoq.com/articles/cap-twelve-years-later-how-the-rules-have-changed/,2026-09-29,paper
Operational Concerns,System Design,Staff+,Connects user-facing SLIs and SLOs to actionable alerts; measures latency distributions and saturation; plans deployment evaluation and incident ownership,Mentions monitoring without a response plan; hides tail latency behind averages; assumes a canary proves safety despite shared dependencies or unrepresentative traffic,What symptom triggers action and who responds? Which signals stop or roll back a release? Can operators diagnose faults using telemetry and runbooks?,https://sre.google/sre-book/monitoring-distributed-systems/,2026-09-29,book
Cost Awareness,System Design,Staff+,Connects spending to business value and workload units; states usage and pricing assumptions; considers operating effort alongside infrastructure costs,Equates lowest bill with best design; presents estimates as quotes; ignores data transfer or reliability and staffing costs,Which cost drivers dominate at expected usage? Are price region and date assumptions explicit? Do savings preserve required service outcomes?,https://www.finops.org/framework/,2026-09-29,official-docs
Communication and Structure,Behavioral,All,Explains relevant past actions or proposed reasoning clearly; distinguishes personal contribution from team outcomes; answers follow-up questions with concrete evidence,Offers polished but unsupported claims; substitutes jargon for reasoning; treats a particular answer template as proof of competence,Is evidence relevant to the job competency? Can the reasoning and outcome be understood? Are candidates assessed with consistent questions and rating standards rather than presentation style alone?,https://www.opm.gov/policy-data-oversight/assessment-and-selection/structured-interviews/,2026-09-29,official-docs
Idempotency and Ambiguous Outcomes,System Design,Mid-Senior,Recognizes that a timeout leaves the remote outcome unknown; defines retry identity and deduplication scope and lifetime; reasons about concurrent duplicates and external side effects,Generates a new key on every retry; assumes keys deduplicate forever; claims end-to-end exactly-once effects without defining the boundary,What happens if the response is lost after commit? How are repeated keys with different parameters handled? What happens after key expiry or a concurrent duplicate?,https://docs.stripe.com/api/idempotent_requests,2026-09-29,official-docs
Threat Modeling and Trust Boundaries,System Design,Mid-Senior,Identifies protected data and trust boundaries in the data flow; prioritizes plausible threats; maps authorization and other mitigations to testable requirements,Adds authentication without reasoning about authorization; assumes internal traffic is inherently trusted; lists controls without threats or residual risks,Which principal may perform each sensitive operation? What abuse crosses a trust boundary? How will mitigations be tested and remaining risk accepted?,https://cheatsheetseries.owasp.org/cheatsheets/Threat_Modeling_Cheat_Sheet.html,2026-09-29,official-docs
Recovery Objectives and Restore Validation,System Design,Senior-Staff,Defines acceptable downtime RTO and data loss RPO from business needs; compares recovery strategies and costs; plans backup restoration and failover/failback drills,Equates replication with protection from corruption; prescribes multi-region active-active for every workload; quotes recovery targets without testing dependencies and capacity,Can the whole workload recover to the required state within its time budget? Are backups usable after corruption? What evidence from recovery drills validates the design?,https://docs.aws.amazon.com/wellarchitected/latest/reliability-pillar/rel_planning_for_recovery_disaster_recovery.html,2026-09-29,official-docs
