Operation,Category,Latency,Order of Magnitude,Hardware Era,Notes,Source URL,Last Updated,Source Type
L1 cache reference,CPU,0.9 ns,nanosecond,Ryzen 5600G Zen3 at 4.45 GHz; historical test date unspecified,Historical 7-cpu pointer-access measurement: 4 cycles / 4.45 GHz = 0.90 ns; complex addressing is 5 cycles; not a generic CPU guarantee or a 2026 benchmark,https://www.7-cpu.com/cpu/Zen3.html,2025-01,benchmark
L2 cache reference,CPU,2.7 ns,nanosecond,Ryzen 5600G Zen3 at 4.45 GHz; historical test date unspecified,Historical 7-cpu measurement: 12 cycles / 4.45 GHz = 2.70 ns; access pattern and clock dependent; not a generic CPU guarantee or a 2026 benchmark,https://www.7-cpu.com/cpu/Zen3.html,2025-01,benchmark
L3 cache reference,CPU,10.6 ns,nanosecond,Ryzen 5600G Zen3 at 4.45 GHz; historical test date unspecified,Historical 7-cpu measurement: 47 cycles / 4.45 GHz = 10.56 ns; slice and core placement matter; not transferable to all Zen3 or Zen4 CPUs and not a 2026 benchmark,https://www.7-cpu.com/cpu/Zen3.html,2025-01,benchmark
Branch mispredict,CPU,3.4-4.3 ns,nanosecond,Ryzen 5600G Zen3 at 4.45 GHz; historical test date unspecified,Historical 7-cpu penalty: 15-16 cycles with micro-op cache hit or about 19 with miss; divided by 4.45 GHz; workload-dependent penalty not prediction accuracy or a guarantee,https://www.7-cpu.com/cpu/Zen3.html,2025-01,benchmark
Mutex lock/unlock,OS,66 ns,nanosecond,Core 2 Duo; Ubuntu 11.10; November 2011,Historical Preshing measurement for one uncontended pthread_mutex_lock/unlock pair; not Linux 5.x data; contention and scheduling change latency; no current-platform guarantee,https://preshing.com/20111124/always-use-a-lightweight-mutex/,2025-01,benchmark
Main memory reference (DRAM),Memory,84.6 ns,nanosecond,Ryzen 5600G at 4.45 GHz; dual-channel PC4-24000 DDR4,Historical 7-cpu RAM measurement: 47 cycles / 4.45 GHz + 74 ns = 84.56 ns; not CAS latency alone or a DDR5/remote-NUMA claim; test date unspecified; not a guarantee,https://www.7-cpu.com/cpu/Zen3.html,2025-01,benchmark
Context switch (Linux),OS,1.2-1.5 μs,microsecond,Haswell i7-4771 Linux; September 2018,Historical Bendersky pipe/condition-variable benchmark pinned to one core; direct switch cost excludes working-set cache disruption; about 2.2 us unpinned; not a universal process-switch cost or guarantee,https://eli.thegreenplace.net/2018/measuring-context-switching-and-memory-overheads-for-linux-threads/,2025-01,benchmark
Compress 1KB with Snappy,Compression,4 μs,microsecond,Core i7 64-bit; README benchmark date unspecified,Illustrative 1000 B / 250 MB/s compression = 4 us; README quotes 500 MB/s for decompression; bulk throughput extrapolation excludes small-block overhead and is not a measured 1KB latency or guarantee,https://github.com/google/snappy/blob/main/README.md,2025-01,official-docs
RDMA round trip,Network,2 μs,microsecond,InfiniBand/RoCE; NIC and topology unspecified,Unverified 2 us planning assumption retained stale; perftest measures RTT but reports half-RTT as one-way latency; record verb and message size and NIC/firmware and hops; no benchmark or RTT guarantee established,https://github.com/linux-rdma/perftest,2025-01,official-docs
NVMe SSD random 4KB read,Storage,10 μs,microsecond,PCIe 4.0 NVMe; SKU and queue depth unspecified,Unverified 10 us planning assumption retained stale; PM9A3 product page does not substantiate this response time; high-queue-depth IOPS cannot be inverted into request latency; record firmware and block size and QD and percentile; no SATA speedup guarantee,https://semiconductor.samsung.com/ssd/datacenter-ssd/pm9a3/,2025-01,official-docs
Send 2KB over 1Gbps NIC,Network,16 μs,microsecond,1Gbps Ethernet; analytical serialization model,Derived payload-only serialization: 2000 B * 8 / 1000000000 bit/s = 16 us; 2048 B takes 16.384 us; excludes framing/segmentation and kernel and propagation and queueing; 10Gbps gives 1.6 us payload-only; not RTT or end-to-end latency,https://www.cisco.com/c/en/us/support/docs/voice/voice-quality/5125-delay-details.html,2026-09-29,official-docs
NVMe SSD sequential read 1MB,Storage,147 μs,microsecond,Samsung PM9A3 PCIe 4.0; 2022 datasheet generation,Derived 1000000 B / advertised up-to 6800 MB/s = 147.06 us; decimal MB; ideal bulk transfer component only; SKU and queue depth matter; excludes command and queueing overhead; not measured single-request latency or a guarantee,https://semiconductor.samsung.com/ssd/datacenter-ssd/pm9a3/,2026-09-29,official-docs
Redis GET (localhost),Application,100 μs,microsecond,Localhost TCP; hardware and Redis version unspecified,Unverified 100 us planning assumption retained stale; measure payload and concurrency and p50/p99 with redis-benchmark; pipelining improves throughput but inverse ops/s is not individual response latency; docs do not establish a universal 100 us result,https://redis.io/docs/latest/operate/oss_and_stack/management/optimization/benchmarks/,2025-01,official-docs
SATA SSD random 4KB read,Storage,100 μs,microsecond,SATA SSD; SKU and queue depth unspecified,Unverified 100 us planning assumption retained stale; PM893 advertises up to 98000 random-read IOPS at QD32 with FIO 2.7 on RHEL 6.5; this is not QD1 response latency; no fixed 10x NVMe comparison or guarantee,https://semiconductor.samsung.com/ssd/datacenter-ssd/pm893/,2025-01,official-docs
Same-AZ network round trip,Network,0.5 ms,millisecond,Cloud VMs; provider and region and placement unspecified,Unverified 0.5 ms planning assumption retained stale; AWS AZ topology docs do not establish this same-AZ RTT; measure actual instance pair and transport and packet size and load and p50/p99; no cross-provider guarantee,https://docs.aws.amazon.com/whitepapers/latest/aws-fault-isolation-boundaries/availability-zones.html,2025-01,official-docs
PostgreSQL simple query,Application,0.5 ms,millisecond,Indexed SELECT; hardware and PostgreSQL version unspecified,Unverified 0.5 ms planning assumption retained stale; pgbench -S measures select-only workload; report cache state and query mode and client concurrency and network; docs examples are not a universal query benchmark or guarantee,https://www.postgresql.org/docs/current/pgbench.html,2025-01,official-docs
Cross-AZ network round trip,Network,1 ms,millisecond,AWS intra-region AZ pair unspecified,Unverified 1 ms RTT planning assumption retained stale; AWS describes single-digit-ms synchronous replication but does not specify this RTT or a fixed 2x same-AZ ratio; region and AZ pair and instance networking and load matter; not an SLA,https://docs.aws.amazon.com/whitepapers/latest/aws-fault-isolation-boundaries/availability-zones.html,2025-01,official-docs
Kafka produce ack (acks=1),Application,2 ms,millisecond,Kafka producer; version and workload unspecified,Unverified 2 ms planning assumption retained stale; acks=1 waits for leader local log not follower replication; no fixed acks=all penalty; acks=0 does not confirm receipt; Kafka 4.0 changed default linger.ms from 0 to 5; batching and ISR and RTT affect latency,https://kafka.apache.org/41/configuration/producer-configs/,2025-01,official-docs
HDD seek,Storage,4 ms,millisecond,7200 RPM HDD; model and seek distance unspecified,Unverified 4 ms seek assumption retained stale; vendor RPM discussion is not a seek benchmark; at 7200 RPM mean rotational wait is separately 60000 / 7200 / 2 = 4.17 ms assuming uniform phase; seek plus rotation plus transfer plus queueing determine I/O latency,https://www.seagate.com/tech-insights/choosing-high-performance-storage-is-not-about-rpm-anymore-master-ti/,2025-01,engineering-blog
TLS handshake,Security,5 ms,millisecond,TLS 1.3; RFC 8446 August 2018,Unverified 5 ms planning assumption retained stale; normal full TLS 1.3 lets client send application data after 1 RTT plus processing over established transport; HelloRetryRequest adds RTT; TCP setup is separate; 0-RTT needs PSK and replay-safe application handling; no fixed-ms guarantee,https://www.rfc-editor.org/rfc/rfc8446.html#section-2,2025-01,rfc
DynamoDB GetItem,Application,5 ms,millisecond,AWS DynamoDB; item and region and client unspecified,Illustrative unverified 5 ms retained stale; AWS documents single-digit-ms Average SuccessfulRequestLatency for most singleton operations; metric excludes client and network time; item size and consistency and retries matter; not a p99 or end-to-end guarantee,https://docs.aws.amazon.com/amazondynamodb/latest/developerguide/TroubleshootingLatency.html,2025-01,official-docs
S3 GET (same region),Application,100-200 ms,millisecond,AWS S3 general performance guidance; endpoint unspecified,AWS guide quotes roughly 100-200 ms for small objects or first-byte-out of larger objects; not full large-object transfer or a percentile/SLA; not an Express One Zone figure; same-region endpoint-specific applicability remains unverified so date stays stale,https://docs.aws.amazon.com/AmazonS3/latest/userguide/optimizing-performance.html,2025-01,official-docs
DNS resolution (cold),Network,20-120 ms,millisecond,Recursive DNS cache miss; resolver and network unspecified,Unverified 20-120 ms planning range retained stale; Google docs explain resolver RTT and upstream cache misses and timeout tails; neither 120 ms ceiling nor cached DNS below 1 ms is guaranteed; cache state and transport and authoritative reachability matter,https://developers.google.com/speed/public-dns/docs/performance,2025-01,official-docs
TCP handshake (same AZ),Network,0.5 ms,millisecond,TCP active open; RFC 9293 August 2022,Unverified 0.5 ms same-AZ assumption retained stale; client reaches ESTABLISHED after SYN/SYN-ACK and sends final ACK at about 1 RTT without loss; server waits for final ACK; DNS and TLS excluded; retransmission and host processing add delay; not an SLA,https://www.rfc-editor.org/rfc/rfc9293.html#section-3.5,2025-01,rfc
Cross-region round trip (US-EU),Network,71 ms,millisecond,Azure East US to North Europe; 30 days ending 2026-07-30,Published P50 RTT from Azure internal network probes sampled at 1-minute intervals; source East US and destination North Europe; not one-way delay or p99 or an SLA; other region pairs and workload paths differ; not a speed-of-light calculation,https://learn.microsoft.com/en-us/azure/networking/azure-network-latency,2026-09-29,benchmark
Cross-region round trip (US-Asia),Network,108 ms,millisecond,Azure West US to Japan East; 30 days ending 2026-07-30,Published P50 RTT from Azure internal network probes sampled at 1-minute intervals; source West US and destination Japan East; not one-way delay or p99 or an SLA; no universal US-Asia value or variance comparison with US-EU,https://learn.microsoft.com/en-us/azure/networking/azure-network-latency,2026-09-29,benchmark
