Name,Category,Strategy,From,To,Risk,Rollback Plan,Duration Estimate,Gotcha,Related Patterns,Source URL,Last Updated,Source Type
Strangler Fig,Incremental,Route selected capabilities through a facade to new services while legacy serves unmigrated functionality,Monolith,Microservices,Medium - cross-system dependencies and facade bottlenecks,Revert capability routing only while legacy code and data remain compatible and current; otherwise restore objects and replay changes,Scope-dependent; plan and validate one capability at a time,Define data ownership and cross-system adapters; retire legacy objects only after validation and an explicit rollback window,Anti-Corruption Layer; Branch by Abstraction,https://learn.microsoft.com/en-us/azure/architecture/patterns/strangler-fig,2026-09-29,official-docs
Dual Write,Data Sync,Update two stores during migration; prefer a source transaction plus outbox or CDC for asynchronous propagation,Legacy DB,New DB,High - independent writes can partially fail or be reordered,Keep old store authoritative before cutover; stop target writes and reconcile; after cutover recover target-only writes before reverting,Workload-dependent; measure propagation and reconciliation time,Outbox atomically records source changes and publish intent; it does not atomically commit both stores; use idempotent consumers and preserve required ordering,Change Data Capture; Outbox Pattern,https://docs.aws.amazon.com/prescriptive-guidance/latest/cloud-design-patterns/transactional-outbox.html,2026-09-29,official-docs
Change Data Capture (CDC),Data Sync,Take a consistent snapshot then stream source log changes to the target with durable offsets,Legacy DB,New DB/Event Stream,Medium - asynchronous lag; recovery duplicates; retention gaps and incompatible schemas,Before cutover retain source authority; pause target use and repair or resnapshot; stopping capture alone is not rollback,Workload-dependent; benchmark snapshot and catch-up,Debezium PostgreSQL can redeliver after failure; use idempotent sinks and monitor applied offsets plus WAL retention; it does not emit DDL change events,Outbox Pattern; Event Sourcing,https://debezium.io/documentation/reference/stable/connectors/postgresql.html,2026-09-29,official-docs
Expand-Contract Schema,Schema,Add compatible columns/tables; backfill and migrate readers and writers; remove old fields after the rollback window,Old Schema,New Schema,Medium - compatibility depends on application versions and data mapping; contraction can destroy data,Before contraction revert code only while old fields remain current; after contraction restore or reconstruct data with a tested migration,Deployment-dependent; stage expansion and contraction separately,Adding a dropped column does not restore its values; verify old/new readers and writers and backfill correctness before removing old fields,Blue-Green Deployment; API Versioning,https://www.prisma.io/docs/guides/data-migration,2026-09-29,official-docs
Blue-Green Database,Cutover,Replicate blue into green; validate green; fence writes and catch up before switching endpoints,Primary DB,New DB,Medium-High - switchover interrupts connections and writes; green can diverge after promotion,Abort before promotion on failed checks; after promotion reconcile new writes before any return to blue,Workload-dependent; rehearse sync and switchover timeout,RDS stops replication between environments after switchover; retained blue is not an automatically current rollback target; test reconnects and DNS caching,Blue-Green Deployment; Expand-Contract,https://docs.aws.amazon.com/AmazonRDS/latest/UserGuide/blue-green-deployments-switching.html,2026-09-29,official-docs
Parallel Run,Validation,Compare old and new read results on sampled traffic while returning the old result,Legacy System,New System,Medium - shadow work adds load and latency; mutations can duplicate side effects,Disable shadow evaluation while keeping the control path active; investigate any side effects already produced,Workload-dependent; collect representative traffic and mismatch evidence,Use read-only or isolated candidates; normalize only understood differences; concurrent data changes can create false mismatches and synchronous candidates can time out,Strangler Fig; Feature Flag,https://github.com/github/scientist,2026-09-29,official-docs
Trickle Migration,Data,Copy resumable primary-key chunks while capturing concurrent changes; resolve snapshot/stream collisions,Old Store,New Store,Medium - stale backfill can overwrite newer changes; copying competes with production load,Before cutover keep source authoritative; pause copy and resume from durable progress after reconciling affected keys,Workload-dependent; benchmark chunks and catch-up under production load,Debezium incremental snapshots use watermarks to resolve concurrent updates/deletes; PostgreSQL connector does not support schema changes during an incremental snapshot,CDC; Dual Write,https://debezium.io/documentation/reference/stable/connectors/postgresql.html#postgresql-incremental-snapshots,2026-09-29,official-docs
Feature Flag Migration,Incremental,Roll out cohorts through explicit read/write stages and compare consistency before changing the authoritative system,Old Code Path,New Code Path,Medium - flags control routing but do not make dual writes atomic or restore data,Return to a prior stage only while its code and data are usable; after new-only writes reconcile old data before reverting,Workload-dependent; gate each stage on consistency and performance,Keep rollback writes until the rollback window closes; flag propagation is not a global transaction; remove temporary flags after completion,Strangler Fig; Canary Deployment,https://launchdarkly.com/docs/guides/flags/migrations,2026-09-29,official-docs
API Version Migration,API,Support old and new versions during a communicated transition period; test consumer compatibility before retiring old endpoints,API v1,API v2,Medium - version coexistence adds compatibility testing and support obligations,Extend old-version support when needed; verify old handlers can represent current stored data before reverting clients,Consumer-dependent; use published support policy and adoption evidence,Deprecation signals lifecycle status rather than shutdown; use RFC 9745 Deprecation and migration links when applicable and RFC 8594 Sunset for planned unavailability,Expand-Contract; Strangler Fig,https://google.aip.dev/185,2026-09-29,official-docs
Zero-Downtime Cutover,Cutover,Target minimal interruption; fence old writers and drain in-flight work; verify catch-up before moving traffic,Old System,New System,High - DNS changes are not atomic; write pauses and reconnects may be visible,Abort before new writes if acceptance checks fail; after new writes require tested reverse replication or reconciliation before returning traffic,Workload-dependent; rehearse and set an explicit abort timeout,Zero downtime is a goal rather than a guarantee; RDS switchover drops connections and pauses writes; test retries without duplicating side effects,Blue-Green; Expand-Contract,https://docs.aws.amazon.com/AmazonRDS/latest/UserGuide/blue-green-deployments-switching.html,2026-09-29,official-docs
Database Sharding Migration,Data,Copy and replicate into target shards; validate data with VDiff in Vitess; switch traffic with catch-up checks,Single DB / Old Shards,New Shard Layout,High - query locality and ID generation can change; write cutover can pause or reject writes,In Vitess retain healthy reverse replication and use ReverseTraffic before Complete; changing a shard map alone does not recover writes,Workload-dependent; benchmark copy and cutover with lag limits,Choose shard keys for query and transaction locality; Vitess Complete removes replication artifacts and by default source tables; retain them through the rollback window,Consistent Hashing; Trickle Migration,https://vitess.io/docs/archive/22.0/reference/vreplication/reshard/,2026-09-29,official-docs
Monolith Decomposition,Architecture,Extract vertical business capabilities with explicit data ownership and independently deployable interfaces,Monolith,Microservices/Modular Monolith,High - shared data and transactional dependencies can become distributed coupling,Keep a tested legacy path during transition; revert only with compatible synchronized data or a tested recovery migration,Scope-dependent; deliver independently valuable increments,Start with manageable capabilities to establish operational readiness; decouple data with the capability rather than mandating database-first extraction,Strangler Fig; Anti-Corruption Layer; DDD,https://martinfowler.com/articles/break-monolith-into-microservices.html,2026-09-29,engineering-blog
Cloud Provider Migration,Infrastructure,Assess workloads and dependencies; choose rehost/replatform/refactor per workload; establish target foundations before deployment,AWS/GCP/Azure,Different Cloud,High - service compatibility and identity/network dependencies vary by workload,Retain source capacity during validation; return traffic only if source data and dependencies are still usable; reconcile new writes otherwise,Scope-dependent; estimate from inventory and performance benchmarks,Validate service semantics and data transfer requirements individually; do not assume managed-service equivalence or that shared IaC tooling makes providers interchangeable,Multi-Cloud; IaC,https://docs.cloud.google.com/architecture/migration-to-gcp-getting-started,2026-09-29,official-docs
Queue/Broker Migration,Messaging,Stage target topology and clients; transfer or drain backlog with a tested bridge; coordinate producer and consumer cutover,Old Broker,New Broker,High - transfer can reorder or redeliver messages; protocol and acknowledgement semantics may differ,Before retiring old broker retain backlog accounting; returning consumers requires recovering target-only messages and preventing duplicate side effects,Workload-dependent; measure backlog drain and client rollout,RabbitMQ blue-green uses definitions import and federation; concurrent shovel/federation can reorder messages; cross-product schema and offset portability requires separate verification,Dual Write; Parallel Run,https://www.rabbitmq.com/docs/blue-green-upgrade,2026-09-29,official-docs
Kubernetes Migration,Infrastructure,Move workloads incrementally; use Deployments for stateless replicas and StatefulSets where stable identity/storage is required,VMs/ECS/Swarm,Kubernetes,Medium-High - storage provisioning and application recovery need explicit design,Keep previous runtime during validation; return traffic only after ensuring compatible current data; workload rollout undo does not restore database contents,Workload-dependent; validate storage and recovery before scheduling cutover,StatefulSets support stateful workloads but do not replace backup/replication plans; check PVC retention policy and rehearse failed OrderedReady rollout recovery,Container; Blue-Green,https://kubernetes.io/docs/concepts/workloads/controllers/statefulset/,2026-09-29,official-docs
Migration Data Validation Gate,Validation,Compare source and target rows after load and during CDC; resolve mismatches and unvalidated records before cutover,Source Snapshot/Change Stream,Validated Target,Medium - validation adds load and moving records can yield incomplete comparisons,Hold cutover with source authoritative; repair or reload affected data and rerun validation,Data-dependent; budget validation time in addition to transfer,AWS DMS requires supported keys and endpoints; check pending/suspended/failed counts and excluded columns; zero failures alone does not establish completeness,Change Data Capture (CDC); Parallel Run,https://docs.aws.amazon.com/dms/latest/userguide/CHAP_Validating.html,2026-09-29,official-docs
Online Index Migration,Schema,For PostgreSQL use CREATE INDEX CONCURRENTLY where supported; monitor progress and verify index validity before relying on it,Live Table,Indexed Live Table,Medium - concurrent builds add CPU/I/O and wait for transactions; failed builds can leave invalid indexes,Inspect failed artifacts; drop the invalid index and retry or use supported concurrent reindex; preserve indexes required by existing code,Table/workload-dependent; rehearse scans and transaction waits,CONCURRENTLY cannot run inside a transaction block; only one concurrent build per table; an invalid unique index can still enforce uniqueness,Expand-Contract Schema; Zero-Downtime Cutover,https://www.postgresql.org/docs/18/sql-createindex.html,2026-09-29,official-docs
Logical Replication Cutover Readiness,Data,For PostgreSQL coordinate subscriber schema changes and sequence values before promotion; inventory objects outside logical replication,PostgreSQL Publisher,Writable PostgreSQL Subscriber,High - row catch-up does not prove schema or sequence readiness; missing objects can break promoted writes,Keep publisher authoritative until readiness passes; after promotion reconcile subscriber writes before reverting,Schema/workload-dependent; rehearse object checks and promotion,PostgreSQL 18 does not logically replicate DDL or sequence state or large objects; apply compatible additive DDL on subscriber first and advance sequences safely before new writes,Change Data Capture (CDC); Expand-Contract Schema,https://www.postgresql.org/docs/18/logical-replication-restrictions.html,2026-09-29,official-docs
