Name,Category,Pattern,Use Case,Strengths,Weaknesses,Gotcha,Source URL,Last Updated,Source Type
Backend for Frontend (BFF),API Architecture,Backend tailored to a user experience with boundaries informed by client needs and team ownership,Mobile and web experiences with different payloads or orchestration needs,Tailored responses can reduce over-fetching and round trips; independent client-oriented deployment,Additional service operations; duplicated orchestration; downstream failures affect aggregate responses,Similar iOS and Android experiences may share a BFF; keep shared domain invariants in domain services while allowing experience-specific orchestration; define deadlines and partial-response behavior,https://samnewman.io/patterns/architectural/bff/,2026-09-29,engineering-blog
Offline-First Sync,Data Sync,Read from a local source of truth and persist pending writes for later synchronization,Mobile apps that need critical reads or selected writes without reliable connectivity,Responsive cached reads; durable pending changes when explicitly implemented,Local data may be stale or incomplete; conflict handling and queue persistence require design,Choose conflict policy per operation; Firestore uses last-write-wins for the same document; version checks or explicit merges may suit other backends; test concurrent edits and process death as well as airplane mode,https://developer.android.com/topic/architecture/data-layer/offline-first,2026-09-29,official-docs
Push Notification Delivery,Messaging,Best-effort server-to-device alerts or invalidation hints via APNs and FCM,Notify users or prompt reconciliation with authoritative server state,Platform-managed delivery avoids frequent polling; native notification integration,Delivery may be delayed or dropped; notification permission and app state affect behavior; registration lifecycle management,Upload current registrations with timestamps; stop sends on APNs 410 or FCM UNREGISTERED until valid registration; treat FCM INVALID_ARGUMENT as invalid registration only with a valid payload; reconcile on foreground because provider acceptance is not delivery,https://firebase.google.com/docs/cloud-messaging/manage-tokens,2026-09-29,official-docs
GraphQL for Mobile,API Design,Typed client-selected fields with server-enforced demand controls,Mobile screens requiring different data shapes over constrained networks,Can reduce response over-fetching and client round trips; typed API contracts,Resolver N+1 and expensive queries remain possible; cache and authorization design are still required,Bound list sizes and operation depth plus breadth and batch size; enforce cost budgets and timeouts; consider trusted-document allowlists for first-party apps; field selection does not bound backend work,https://graphql.org/learn/security/,2026-09-29,official-docs
CDN for API Responses,Caching,Cache explicitly shareable API representations at the edge with bounded freshness,Public catalogs and non-sensitive configuration shared across mobile clients,Cache hits can reduce latency and origin load; validators reduce unchanged transfers,Stale data and incorrect cache keys can expose personalized data; application caches need their own policy,Use private to exclude shared caches and no-store for sensitive responses that must not be stored; no-cache requires validation rather than prohibiting storage; set max-age and s-maxage deliberately and include representation variants in cache keys; do not publicly cache personalized feature flags,https://www.rfc-editor.org/rfc/rfc9111.html,2026-09-29,rfc
API Versioning for Mobile,API Management,Maintain compatible contracts within a version and introduce new versions for breaking changes,Installed mobile clients that update on different schedules,Decouples backend rollout from app updates; explicit deprecation and compatibility contracts,Parallel versions add maintenance cost; old clients and database migrations constrain retirement,Do not remove fields or change types and defaults within a supported version; test older clients against new servers; set retirement policy using client-version telemetry; app review and installation are separate rollout steps with no assumed fixed review duration,https://google.aip.dev/180,2026-09-29,official-docs
Optimistic UI Updates,UX Pattern,Render a provisional local result then reconcile it with the authoritative mutation response,Reversible interactions such as likes and edits where failure can be explained,Immediate local feedback can mask network latency without claiming server completion,Rejection and overlapping mutations complicate rollback; an optimistic cache is not a durable offline queue,Track pending and failed operations; replace temporary IDs with server IDs; reconcile or roll back only the affected optimistic state; a timeout leaves the server outcome uncertain so retries need idempotency or status reconciliation,https://www.apollographql.com/docs/react/performance/optimistic-ui,2026-09-29,official-docs
Token Refresh Flow,Authentication,Refresh access tokens when needed while execution and connectivity are available,Maintain mobile sessions subject to authorization-server expiration and revocation policy,Short-lived access tokens; fewer interactive sign-ins while refresh credentials remain valid,Refresh credentials require protected storage; concurrent rotation can invalidate sessions; background execution is not assured,Public-client refresh tokens must rotate or be sender-constrained; serialize refresh per session and persist replacement credentials before releasing waiters; stop on invalid_grant and require reauthentication rather than loop,https://www.rfc-editor.org/rfc/rfc9700.html,2026-09-29,rfc
Image Optimization Pipeline,Performance,Resize and encode bounded image variants and cache them by representation,Mobile image delivery matched to display dimensions and actual decoder capabilities,Can reduce transferred bytes and decode work; savings depend on content and quality settings,Encoding cost and variant proliferation; format support depends on client decoder and version,Negotiate formats using accurate Accept capabilities or explicit variants with a compatible fallback; do not infer WebP or AVIF support from OS name alone; key caches by size and format and honor Vary when negotiating; measure bytes and decode time,https://developers.cloudflare.com/images/transform-images/transform-via-url/,2026-09-29,official-docs
App Startup Optimization,Performance,Render minimal useful content without blocking on network and defer non-critical initialization,Improve first-frame and usable-content latency on cold and warm launches,Cached bootstrap data can improve perceived responsiveness during slow connectivity,Stale or missing cache and main-thread work can still delay usable content; prefetching consumes data and battery,Measure Android TTID and TTFD separately on representative devices; use account-scoped last-known-good bootstrap data only when acceptable and refresh asynchronously; handle empty caches explicitly; set measured budgets rather than promise a universal sub-second launch,https://developer.android.com/topic/performance/vitals/launch-time,2026-09-29,official-docs
Background Work Scheduling,Background Execution,Schedule resumable sync using Android WorkManager or appropriate Apple background APIs,Deferred synchronization that must tolerate suspension and changing network or battery conditions,OS-coordinated work can conserve power; persisted checkpoints support resumption,Start times are system-controlled; work can be stopped or deferred; push does not guarantee execution,WorkManager periodic minimum is 15 minutes not an exact cadence; Apple background pushes use content-available=1 with apns-push-type=background and priority 5 and allow up to 30 seconds when delivered; reserve Android FCM high priority for time-sensitive user-visible content; checkpoint and reconcile on foreground,https://developer.android.com/develop/background-work/background-tasks/persistent/getting-started/define-work,2026-09-29,official-docs
Native OAuth Authorization Code with PKCE,Authentication,Use authorization code with PKCE S256 through an external user-agent,Native mobile sign-in without embedding reusable client secrets or collecting provider passwords,PKCE protects intercepted authorization codes; browser security boundary supports shared sign-in state,Redirect ownership and provider configuration need care; PKCE does not replace API authorization,Register native apps as public clients; use a system browser or secure browser tab rather than an embedded WebView; validate transaction state and exact registered redirects with the loopback-port exception; prefer app-claimed HTTPS redirects where supported; never treat a bundled shared secret as confidential,https://www.rfc-editor.org/rfc/rfc8252.html,2026-09-29,rfc
Mobile Request Retries and Idempotency,Reliability,Persist operation identity and retry only transient failures with a server-enforced deduplication contract,Queued mobile writes and interrupted requests whose server outcome is unknown,Safe replays can avoid duplicate business effects; bounded backoff reduces synchronized load,Requires durable server records and concurrency handling; expired deduplication records can allow duplicate execution,Reuse one key and unchanged payload per logical operation; scope deduplication to authenticated caller and operation and make it atomic with the effect; bound retries with exponential backoff and jitter and honor Retry-After; stop permanent failures; reconcile uncertain outcomes after key expiry rather than blindly replay,https://www.rfc-editor.org/rfc/rfc9110.html#section-9.2.2,2026-09-29,rfc
