Name,Category,Strategy,Isolation Level,Strengths,Weaknesses,When to Use,Gotcha,Source URL,Last Updated,Source Type
Pool Model (Shared Everything),Data Architecture,Shared compute and storage with enforced tenant scope on every tenant-owned access path; shared SQL tables commonly use tenant_id,Logical (application and data policies),Efficient resource utilization; centralized deployment and operations,Shared capacity and outage exposure; isolation must cover APIs and storage as well as SQL,Cost-sensitive SaaS where logical isolation satisfies workload and contractual requirements,A tenant column or network boundary alone does not isolate pooled data; authorize tenant context and use constrained database roles and tested policies; include background and administrative paths,https://docs.aws.amazon.com/wellarchitected/latest/saas-lens/pool-isolation.html,2026-09-29,official-docs
Silo Model (Shared Nothing),Data Architecture,Dedicated tenant resource stack with enforced identity and access boundaries,Resource-level (not necessarily dedicated hardware),Reduces tenant workload contention and blast radius; enables independent sizing and recovery,Higher cost and fleet-management overhead; shared control planes and regional dependencies still need analysis,Tenants requiring dedicated resources or independently managed capacity and recovery,Separate schemas or databases on one shared server are not a full silo; automate provisioning and verify cross-stack access denial; isolation alone does not establish compliance,https://docs.aws.amazon.com/wellarchitected/latest/saas-lens/silo-isolation.html,2026-09-29,official-docs
Bridge Model (Hybrid),Data Architecture,Combine pooled and siloed resources by service or tier; document tenant routing and access boundaries for each component,Mixed (component-specific),Targets dedicated capacity or data boundaries where required while retaining some pooling benefits,Multiple deployment and migration paths; shared components still carry contention and isolation risks,Workloads with differing isolation requirements across services or tenant tiers,Hybrid is not limited to shared compute plus separate databases; a separate schema is not dedicated capacity; validate routing and all replica and export locations before claiming residency,https://docs.aws.amazon.com/wellarchitected/latest/saas-lens/bridge-model.html,2026-09-29,official-docs
Row-Level Security (RLS),Access Control,Enable PostgreSQL RLS on tenant tables; use USING for visible rows and WITH CHECK for new row values,Logical (row-level),Default deny when enabled without an applicable policy; defense against omitted tenant filters,Superusers and BYPASSRLS roles bypass policies; owners normally bypass unless FORCE ROW LEVEL SECURITY; permissive policies combine with OR,Pooled PostgreSQL data accessed through a non-owner application role without BYPASSRLS,FORCE does not constrain superusers or BYPASSRLS; TRUNCATE and REFERENCES are outside RLS; integrity checks bypass RLS and can leak existence; audit privileged functions and test reads and writes as the runtime role,https://www.postgresql.org/docs/current/ddl-rowsecurity.html,2026-09-29,official-docs
Noisy Neighbor Mitigation,Resource Management,Apply tenant-aware concurrency and queue budgets plus request and query-cost limits at measured bottlenecks; retain global capacity guards,Logical (resource governance),Reduces contention; protects quiet tenants when combined with capacity planning and selective isolation,HTTP rate limits do not bound CPU or database work; simultaneous compliant tenants can still exhaust shared capacity,Shared worker fleets and databases with variable request cost or bursty tenant demand,Load-test one noisy tenant alongside quiet tenants and monitor their latency and queue age; bound query duration and fan-out; offer dedicated capacity when shared-resource SLOs cannot be met,https://learn.microsoft.com/en-us/azure/architecture/antipatterns/noisy-neighbor/,2026-09-29,official-docs
Per-Tenant Rate Limiting,Traffic Control,Key limits by server-authorized tenant and operation; combine tenant burst and sustained budgets with global and abuse controls,Logical (admission control),Supports tier entitlements and reduces overload when enforcement matches the required guarantees,Distributed coordination or budget partitioning is needed for aggregate limits; local counters multiply allowance across replicas,Multi-tenant APIs with shared capacity or contractual quotas,Define limiter outage behavior and test concurrent replicas; Redis is optional; API Gateway usage-plan quotas are best effort and API keys are not authentication; use atomic admission accounting when a hard cap is required,https://docs.aws.amazon.com/apigateway/latest/developerguide/api-gateway-api-usage-plans.html,2026-09-29,official-docs
Tenant-Aware Caching,Performance,Build collision-resistant keys from authorized tenant context plus resource and response-varying authorization scope; scope invalidation to that namespace,Logical (cache namespace),Avoids accidental tenant key collisions; supports tenant-scoped lifecycle management,Prefixes alone enforce no authorization or memory quota; shared cache CPU and eviction permit noisy neighbors,Shared caches containing tenant-specific or permission-sensitive data,Authorize cache hits as well as misses; shared credentials can access other prefixes; use supported key-pattern ACLs with tenant-scoped identities or dedicated instances for stronger isolation,https://learn.microsoft.com/en-us/azure/architecture/guide/multitenant/service/cache-redis,2026-09-29,official-docs
Tenant Onboarding Automation,Operations,Orchestrate tenant identity and resource provisioning with durable progress and retry-safe steps; activate only after access-boundary checks,Operational,Repeatable provisioning for self-service and provider-managed onboarding; reduced manual configuration drift,Partial failures can leave orphaned resources or incomplete permissions; reconciliation and rollback need explicit ownership,Repeatable SaaS onboarding in pool or dedicated deployments; no universal tenant-count threshold,Use a stable tenant-scoped provisioning key and reconcile uncertain outcomes before retrying; keep failed tenants inactive and test recovery after each provisioning step,https://docs.aws.amazon.com/wellarchitected/latest/saas-lens/tenant-onboarding.html,2026-09-29,official-docs
Tenant Data Export and Portability,Data Management,Define authorized export scope and deliver documented machine-readable data securely; distinguish organizational migration from individual portability rights,Operational (authorization and delivery),Enables contractual migration and applicable personal-data portability; makes export scope explicit,Related-person data and multiple stores complicate scope; legal applicability depends on jurisdiction and processing basis,Contractual tenant exports and applicable data-subject portability requests,UK GDPR Article 20 guidance covers provided personal data processed automatically under consent or contract rather than all company data; protect others' rights and verify recipient authority; document omissions and consistency boundaries,https://ico.org.uk/for-organisations/uk-gdpr-guidance-and-resources/individual-rights/individual-rights/right-to-data-portability/,2026-09-29,official-docs
Schema-Per-Tenant,Data Architecture,Separate tenant namespaces in one database with explicit schema and object privileges,Logical (namespace and privileges),Separates object names; allows independently versioned tenant schemas,Shared database resources and failure domain; migration fan-out; roles with broad grants can access multiple schemas,Workloads needing namespace separation where shared capacity and database-level recovery are acceptable,search_path selects names but is not authorization; exclude untrusted writable schemas and revoke inappropriate CREATE privileges including public on older upgraded databases; schema-qualified access still needs grants checked,https://www.postgresql.org/docs/current/ddl-schemas.html,2026-09-29,official-docs
Tenant-Aware Logging and Observability,Operations,Attach verified tenant context to tenant-scoped logs and traces; budget metric label cardinality and restrict telemetry access,Operational,Supports isolation incident investigation and tenant SLO analysis without tagging every global infrastructure event,Unbounded tenant labels multiply series across endpoints and instances; detailed logs require retention and access controls,Shared services requiring tenant diagnostics and resource-use attribution,Recording rules do not remove already-ingested raw series; aggregate before ingestion or use bounded dimensions and a separate tenant analytics store; sampled traces are not an exact billing ledger,https://prometheus.io/docs/practices/instrumentation/,2026-09-29,official-docs
Cross-Tenant Analytics,Data Architecture,Separate authorized platform analytics from tenant-visible benchmark releases; evaluate disclosure risk before releasing aggregates,Analytical (access and disclosure controls),Enables platform insights and reviewed benchmark products; differential privacy can quantify privacy loss,Small groups and linked releases may expose confidential information; privacy techniques trade accuracy for protection,Explicitly authorized platform analysis or externally shared statistics with a documented privacy review,Precomputation or removing identifiers does not prove anonymity; define the protected entity and evaluate the actual differential-privacy guarantee when used; do not promise zero re-identification risk,https://csrc.nist.gov/pubs/sp/800/226/final,2026-09-29,official-docs
Verified Tenant Context,Access Control,Resolve tenant selection against authenticated identity and current membership or service scope before any tenant-owned operation,Logical (identity and resource authorization),Blocks tenant-header spoofing and object access outside authorized tenant scope,Membership revocation and cross-service propagation need explicit policy; opaque identifiers alone do not authorize access,APIs and services where a principal can select one or more tenants,Reject missing or unauthorized tenant context; check resource ownership on each path; explicitly authorize and audit platform-wide jobs instead of silently falling back to an unscoped query,https://cheatsheetseries.owasp.org/cheatsheets/Multi_Tenant_Security_Cheat_Sheet.html,2026-09-29,official-docs
Transaction-Scoped Tenant Context,Access Control,Begin a transaction and set server-verified tenant context with SET LOCAL or transaction-local set_config before dependent queries,Logical (pooled database session),Prevents committed session settings from leaking tenant selection across pooled requests when context is re-established every transaction,Requires explicit transactions and fail-closed policies; an application-writable setting is not protection from arbitrary SQL under that role,PostgreSQL RLS policies that read tenant identity from a custom setting on reused connections,Set context inside the same transaction as queries; reject missing or invalid context and commit or roll back before release; test tenant A then B plus error and cancellation paths on the same pooled session,https://www.postgresql.org/docs/current/functions-admin.html,2026-09-29,official-docs
Tenant-Aware Async Fairness,Resource Management,Bind trusted tenant context to queued work and authorize it at the consumer; use tenant-aware scheduling and bounded worker concurrency,Logical (queue scheduling and execution),Reduces noisy-tenant backlog impact and preserves authorization through delayed execution,Queue fairness does not enforce data isolation or hard resource quotas; delayed permissions and duplicate deliveries need handling,Shared background workers processing bursty or unequal-cost tenant jobs,SQS standard fair queues use MessageGroupId as tenant identity without FIFO ordering or per-tenant rate caps; scope deduplication and retries by tenant and monitor quiet-tenant dwell time,https://docs.aws.amazon.com/AWSSimpleQueueService/latest/SQSDeveloperGuide/sqs-fair-queues.html,2026-09-29,official-docs
Tenant Export Snapshot and Delivery,Data Management,Authorize export creation and download; use a stable database snapshot or explicit per-store cutoffs and publish a manifest of scope and completion,Logical (tenant scope and consistency),Makes multi-part export completeness and retry behavior auditable; avoids claiming a mixed-time dataset is atomic,Long snapshots consume database resources; a PostgreSQL exported snapshot does not coordinate independent stores,Large asynchronous tenant exports spanning multiple readers or services,Keep the exporting transaction open until snapshot imports complete; authorize each artifact before signing short-lived download URLs; record missing parts and clean up expired artifacts without exposing another tenant's data,https://www.postgresql.org/docs/current/functions-admin.html,2026-09-29,official-docs
