Name,Category,Problem,Solution,When to Use,When NOT to Use,Trade-offs,Related Patterns,Source URL,Keywords,Last Updated,Source Type
Saga,Data,Need atomic business transaction across multiple services without distributed 2PC,Decompose into a sequence of local transactions; each step has a compensating action invoked on failure (orchestration or choreography),"Long-running cross-service workflows (order, payment, fulfilment); polyglot persistence","Single-DB transactions, hard real-time invariants requiring strong consistency","Eventual consistency, complex compensation logic, must design for retries & idempotency","Outbox, CQRS, Event Sourcing, Process Manager",microservices.io/patterns/data/saga.html,saga compensating transaction orchestration choreography microservice,2026-01-15,
CQRS,Data,Same data model is forced to serve very different read/write workloads,"Split into separate Command and Query models, possibly with different storage and projections","High read/write asymmetry, complex domain, audit needs, polyglot persistence",Simple CRUD apps with low scale; when team can't operate two models,Eventual consistency between write & read sides; operational complexity,"Event Sourcing, Materialized View, Saga",martinfowler.com/bliki/CQRS.html,cqrs command query separation read model write model,2026-01-15,
Event Sourcing,Data,Need full audit trail and ability to reconstruct state at any point in time,Persist every state change as an immutable event; current state is a fold over events,"Audit/regulatory needs, complex domain, temporal queries, debugging via replay",Simple CRUD; teams new to DDD; very high write throughput where event store is bottleneck,"Schema evolution is hard, snapshots required for performance, eventual consistency on projections","CQRS, Outbox, Snapshot",martinfowler.com/eaaDev/EventSourcing.html,event sourcing append-only event store projection snapshot,2026-01-15,
Transactional Outbox,Data,Need to atomically persist a row AND publish a message without 2PC,Write the message to an 'outbox' table in the same DB transaction; a relay process forwards to the broker,Ensuring at-least-once event publishing for state changes,When using a broker that supports transactions with the DB (rare); for fire-and-forget non-critical events,Adds relay process & duplicate-delivery handling; small write amplification,"Saga, CDC, Idempotent Receiver",microservices.io/patterns/data/transactional-outbox.html,outbox cdc debezium event publish atomic,2026-01-15,
Change Data Capture (CDC),Data,Need a reliable stream of database changes for downstream systems,Tail the DB transaction log (WAL/binlog/oplog) and publish change events to a stream,"Replicating to data warehouse, search index hydration, event-driven side effects, zero-downtime migrations",High-velocity OLTP where WAL pressure becomes a bottleneck without tuning,Schema changes need careful rollout; ordering & exactly-once require care,"Outbox, Event Sourcing",debezium.io/documentation/,cdc debezium binlog wal logical replication kafka connect,2026-01-15,
Circuit Breaker,Resilience,A failing downstream dependency cascades failures and exhausts callers' threads/connections,Wrap remote calls in a state machine (closed/open/half-open) that fails fast when error rate exceeds threshold,Synchronous calls to potentially unhealthy services; protecting tail latency,Calls inside a single trusted process; non-idempotent calls without retry budget,"Adds latency overhead and tuning surface (thresholds, windows, timeouts)","Bulkhead, Retry with Backoff, Timeout",martinfowler.com/bliki/CircuitBreaker.html,circuit breaker hystrix resilience4j fail-fast cascading failure,2026-01-15,
Bulkhead,Resilience,One slow tenant/dependency exhausts a shared thread/connection pool and starves others,"Partition resources (thread pools, connection pools, queues) per tenant or downstream so one bad actor cannot sink the whole service","Multi-tenant gateways, services calling many heterogeneous backends",Single-tenant low-traffic services where partitioning costs > benefit,Lower utilisation; more pools to size & monitor,"Circuit Breaker, Rate Limiting",docs.microsoft.com/azure/architecture/patterns/bulkhead,bulkhead isolation thread pool resource partition tenant,2026-01-15,
Retry with Exponential Backoff + Jitter,Resilience,Transient failures cause unnecessary user-visible errors; naive retries cause thundering herd,Retry with exponentially increasing delay and randomised jitter; cap attempts and total budget,"Idempotent network calls (GET/PUT/DELETE), broker publishes, DB queries",Non-idempotent operations without idempotency keys; user-facing flows where speed matters more,More latency on failure; can amplify load if budgets misconfigured,"Circuit Breaker, Idempotent Receiver, Token Bucket",aws.amazon.com/builders-library/timeouts-retries-and-backoff-with-jitter/,retry exponential backoff jitter thundering herd idempotent,2026-01-15,
Idempotency Key,Resilience,"At-least-once delivery causes duplicate side effects (double charges, double creates)",Caller supplies an opaque key; server stores result keyed by it and replays the response on duplicate requests,"Payments, order creation, any non-GET operation in distributed/eventual systems",Truly read-only or naturally idempotent operations,Storage cost & TTL management; key collision design,"Outbox, Saga",stripe.com/docs/api/idempotent_requests,idempotency key duplicate exactly once at-least-once,2026-01-15,
Leader Election,Coordination,Need exactly one instance to perform a singleton task in a horizontally scaled deployment,Use a consensus-backed lock (Raft/ZAB) or atomic lease in etcd/ZooKeeper/Redis (Redlock with caveats),"Distributed cron, partition assignment, primary failover",When the task can be safely sharded or run on every replica,Split-brain risk if lease/lease-renewal misconfigured; added dependency,"Consensus, Membership",etcd.io/docs/v3.5/dev-guide/api_concurrency_reference_v3/,leader election lease lock raft zookeeper etcd consul,2026-01-15,
Sidecar,Deployment,"Cross-cutting concerns (TLS, observability, traffic shaping) repeated in every service","Run a co-located helper container alongside the app sharing network/lifecycle (e.g. Envoy, OTel collector)","Service mesh, log/metric shipping, secret renewal",Hot paths where extra hop's latency matters; resource-constrained edges,"Per-pod overhead, additional release surface","Service Mesh, Ambassador",istio.io/latest/docs/concepts/what-is-istio/,sidecar envoy istio linkerd otel collector mesh,2026-01-15,
Strangler Fig,Migration,Need to incrementally replace a legacy system without big-bang rewrite,"Front the legacy with a router; carve off and re-implement capabilities one at a time, retiring legacy slices","Brownfield modernisation, monolith-to-microservices",Greenfield projects; when carve-out boundaries aren't yet stable,Long migration period with two systems; routing complexity,"Anti-Corruption Layer, BFF",martinfowler.com/bliki/StranglerFigApplication.html,strangler fig migration legacy monolith decomposition,2026-01-15,
Anti-Corruption Layer,Migration,Integration with legacy or external system would pollute domain model,Translate between models at the boundary; keep your domain pure,"DDD bounded-context integration, third-party SaaS adapters",Tiny adapters where translation is trivial,Extra layer to maintain; potential perf cost,"Bounded Context, Adapter",learn.microsoft.com/azure/architecture/patterns/anti-corruption-layer,anti-corruption layer ddd bounded context translation,2026-01-15,
Backend for Frontend (BFF),API,Different clients (web/mobile/IoT) need different aggregations and shapes from the same backend,One BFF per client type that aggregates and tailors responses,Polyglot client portfolio with divergent needs,Single client; bandwidth-cheap simple APIs,Duplicates aggregation logic across BFFs; potential N+1 to backends,"API Gateway, GraphQL",samnewman.io/patterns/architectural/bff/,bff backend for frontend api gateway aggregation,2026-01-15,
API Gateway,API,Many internal services should not be exposed individually to clients,"Single ingress that handles auth, rate-limit, routing, transformation, observability","Edge of microservices, multi-tenant SaaS",Single small service; gRPC mesh-internal traffic,Single point of contention; deployment coupling risk,"BFF, Service Mesh",kong/krakend/envoy gateway docs,api gateway kong krakend envoy ingress edge,2026-01-15,
Rate Limiting / Throttling,Resilience,Protect downstreams and ensure fair use among tenants,"Token bucket / leaky bucket / sliding window enforced at gateway, service, or per-route","Public APIs, multi-tenant SaaS, abuse protection",Internal trusted RPC with stable load,Tuning per tier; clock skew issues with distributed counters,"Bulkhead, Quota",stripe.com/blog/rate-limiters,rate limit token bucket leaky bucket throttle quota,2026-01-15,
Sharding,Scalability,Single dataset/store cannot meet capacity or latency requirements,"Partition data by a key (hash, range, geo) across nodes; route requests by partition","Multi-tenant data, time-series, very large OLTP",Sub-TB datasets fitting comfortably in a single node,Cross-shard joins/transactions are painful; rebalancing is non-trivial,"Consistent Hashing, Resharding",jepsen.io & db vendor docs,shard partition consistent hashing resharding,2026-01-15,
Read Replica,Scalability,Read-heavy workload saturates the primary,Replicate primary asynchronously to N read-only replicas; route reads via load balancer,"BI/dashboards, search, anything tolerant of lag",Strict read-after-write workloads without read-your-writes routing,Replica lag visibility; stale reads,"Sharding, CQRS",postgres/mysql replication docs,read replica replication async lag failover,2026-01-15,
Materialized View,Performance,Expensive aggregation/join is repeated on every read,Precompute and store the result; refresh on event or schedule,"Dashboards, leaderboards, search-style queries",Highly volatile data with no query reuse,Stale data window; refresh cost & invalidation,"CQRS, Event Sourcing",postgres/snowflake materialized view docs,materialized view projection precompute aggregate,2026-01-15,
Process Manager / Orchestrator,Workflow,"Long-running multi-step process needs explicit state, timers, and recovery","Use a workflow engine (Temporal, Cadence, Step Functions, Camunda) to model state machines/durable executions","Order fulfilment, KYC, ETL pipelines, human-in-the-loop",Simple stateless request/response,Vendor lock-in; engine becomes critical infra; debugging requires tooling,"Saga, Outbox",temporal.io/docs,temporal cadence camunda step functions durable workflow,2026-01-15,
Outbox + Inbox,Messaging,Both atomic publish and idempotent consumption are needed for exactly-once-effect,Producer uses Outbox; consumer uses Inbox table to deduplicate by message id,Critical financial/state-changing events,Pure analytics streams where duplicates are tolerable,Storage overhead; need TTL or compaction on inbox,"Outbox, Idempotency Key",microservices.io patterns,outbox inbox dedup exactly-once idempotent consumer,2026-01-15,
Fan-Out / Scatter-Gather,Concurrency,A request needs results from many backends with bounded latency,"Issue calls in parallel, optionally with hedged requests; aggregate within a deadline","Search aggregation, recommendation, federated queries",Strict serial dependencies; cost-sensitive backends,Tail-latency dominated by slowest dependency unless hedged,"Hedged Requests, Bulkhead",Google SRE: 'The Tail at Scale' (Dean & Barroso),scatter gather fan-out hedged request federated,2026-01-15,
