Name,Category,Strategy,Risk,Rollback Time,Blast Radius,Tooling,Gotcha,Source URL,Last Updated,Source Type
Blue-Green Deployment,Traffic Switch,Prepare and validate a replacement environment; promote by changing traffic routing; retain old capacity for recovery,Conditional - routing propagation and shared state can cause downtime or prevent rollback,Routing convergence plus readiness or reprovisioning time; measure per environment,Potentially all traffic at promotion; shared dependencies can affect both environments,Argo Rollouts activeService and previewService,Service selector changes are not globally atomic; delay old replica scale-down; verify router behavior and database compatibility before switching back,https://argo-rollouts.readthedocs.io/en/stable/features/bluegreen/,2026-09-29,official-docs
Canary Deployment,Progressive,Expose a small initial cohort; increase traffic through measured steps with pauses and configured analysis,Conditional - analysis must be configured; small traffic exposure does not isolate shared state,Detection and routing convergence plus stable capacity recovery; no fixed bound,Configured traffic cohort initially; downstream effects may reach other users,Argo Rollouts trafficRouting and AnalysisTemplates,Replica ratios only approximate traffic weights without a traffic router; match canary capacity to traffic and require adequate representative observations before promotion,https://argo-rollouts.readthedocs.io/en/stable/features/canary/,2026-09-29,official-docs
Rolling Update,Incremental,Replace replicas in batches using maxSurge and maxUnavailable; gate availability with readiness and minReadySeconds,Conditional - old and new versions coexist and require compatible APIs and data,Another rollout of the retained Pod template; duration depends on readiness and capacity,Grows with each batch; shared dependencies may broaden impact,Kubernetes Deployment RollingUpdate,ProgressDeadlineExceeded reports a stalled rollout but does not automatically undo it; retain revision history and explicitly orchestrate recovery,https://kubernetes.io/docs/concepts/workloads/controllers/deployment/,2026-09-29,official-docs
Feature Flags,Conditional,Separate deployment from exposure using evaluated targeting rules; test both paths and plan temporary flag retirement,Conditional - cached or fallback values may differ across SDKs and disconnected clients,Update propagation plus application reevaluation; disconnected clients have no fixed recovery bound,Targeted contexts; shared writes or dependencies can affect other users,LaunchDarkly SDKs and targeting rules,Disabling a flag does not undo side effects; distinguish off variation from code fallback; test update and outage behavior; check older clients and prerequisites before removing code or archiving flags,https://launchdarkly.com/docs/sdk/concepts/client-side-server-side,2026-09-29,official-docs
Dark Launch,Validation,Run sampled candidate reads alongside the control; compare results while returning the control response,Conditional - candidate work consumes resources and may delay or fail production requests,Disable candidate execution; in-flight work and existing side effects remain,Sampled requests plus shared dependencies; not zero user impact,GitHub Scientist,Scientist is safe only for methods that do not change data; it does not protect against candidate timeouts; isolate writes and bound shadow load,https://github.com/github/scientist,2026-09-29,official-docs
A/B Testing Release,Experimentation,Assign experiment variants; evaluate business outcomes with guardrail metrics and assignment-quality checks,Conditional - controlled assignment does not ensure operational safety or valid inference,Configuration propagation or redeployment; previous exposure cannot be undone,Experiment population plus shared dependencies,GrowthBook experiment analysis,Check sample ratio mismatch and multiple exposures; use minimum data thresholds and a stopping rule appropriate to the statistical engine; sequential testing must be enabled when relied upon,https://docs.growthbook.io/statistics/overview,2026-09-29,official-docs
Recreate Deployment,Stop Then Start,Terminate old Deployment Pods before creating new revision Pods during an upgrade,High availability risk for a service backed only by this Deployment,Redeploy a compatible previous revision; includes termination and startup time,All traffic served solely by the replaced Deployment,Kubernetes Deployment Recreate,Recreate ordering applies to upgrades; manual Pod deletion may create a replacement while the old Pod terminates; it is not a general singleton or fencing guarantee,https://kubernetes.io/docs/concepts/workloads/controllers/deployment/#recreate-deployment,2026-09-29,official-docs
GitOps,Declarative,Version desired state in Git; agents pull and reconcile it; recover by committing a compatible prior desired state,Conditional - reconciliation can fail and a Git revert does not restore external data,Commit approval plus reconciliation and rollout time; no fixed bound,Resources managed by the application and its deployment strategy,Argo CD automated sync; OpenGitOps principles,Argo CD self-heal and pruning are opt-in; direct application rollback is unavailable with automated sync enabled; coordinate emergency edits with the controller and desired state,https://argo-cd.readthedocs.io/en/stable/user-guide/auto_sync/,2026-09-29,official-docs
Progressive Delivery,Orchestrated,Use staged exposure and configured analysis to promote or pause or abort; feature flags are optional,Conditional - automation enforces configured checks rather than guaranteeing a safe release,Analysis interval and failure thresholds plus recovery convergence,Expands with rollout steps; shared state can exceed the intended cohort,Argo Rollouts AnalysisTemplate and AnalysisRun; Prometheus,Failed analysis can abort a rollout while inconclusive analysis pauses for intervention; dry-run metrics do not block promotion; aborting traffic does not reverse data changes,https://argo-rollouts.readthedocs.io/en/stable/features/analysis/,2026-09-29,official-docs
Ring-Based Deployment,Staged,Expose successive user or infrastructure cohorts; promote after health and usage checks over representative bake periods,Conditional - earlier rings may miss later-ring workloads and dependencies,Stop subsequent rings first; recovery time depends on the underlying deployment,Current and previously exposed rings; shared services may broaden impact,Azure Pipelines stages and approval gates,Choose ring sizes and bake times for real usage patterns; no universal percentages; human approvals and emergency acceleration can complement automated gates,https://learn.microsoft.com/en-us/azure/well-architected/operational-excellence/safe-deployments,2026-09-29,official-docs
Immutable Infrastructure,Deployment Philosophy,Replace running resources from versioned configuration and artifacts instead of patching them in place,Conditional - recovery requires retained artifacts and compatible state plus replacement capacity,Traffic switch or resource provisioning and health-check time,Depends on replacement and traffic rollout strategy,EC2 Image Builder; CloudFormation; versioned machine images,Immutability reduces drift but still requires detection and access controls; manage mutable data separately and do not assume previous images remain available forever,https://docs.aws.amazon.com/wellarchitected/latest/reliability-pillar/rel_tracking_change_management_immutable_infrastructure.html,2026-09-29,official-docs
Database Migration Safety,Data,Expand schema first; migrate and verify data; switch compatible readers and writers; contract only after old consumers and rollback dependencies are retired,High when destructive changes or long-running migrations affect shared state,Application rollback only while data remains compatible; data recovery requires a measured repair or restore plan,All applications sharing the schema or affected records,Reviewed versioned migrations; Prisma Migrate; data verification queries,A one-time backfill may miss concurrent old-version writes; coordinate writes and reconciliation; test database-specific locking and transaction behavior; dropping old fields can make rollback unsafe,https://www.prisma.io/docs/guides/data-migration,2026-09-29,official-docs
Rollback Strategy,Safety,Rehearse partial upgrade then full upgrade and downgrade under representative traffic; retain compatible artifacts and configuration; define recovery ownership,Conditional - prior code may no longer read data written by the new version,Measure detection to restored service in drills; no strategy-independent time guarantee,May exceed the original cohort through shared state or recovery actions,Deployment runbooks; mixed-version tests; tested backup and restore procedures,Prepare all readers before activating new writers; activation can prevent rollback past the prepare version; code rollback does not undo data changes and down migrations need independent safety review,https://learn.microsoft.com/en-us/azure/well-architected/operational-excellence/safe-deployments,2026-09-29,official-docs
Deployment Freeze,Process,Block routine production deployments during defined windows through deployment-job enforcement; define authorized emergency exceptions,Conditional - freezes reduce change exposure but do not prevent incidents or cover bypass paths,N/A for the freeze itself; emergency recovery uses the normal recovery plan,Environments and deployment paths covered by the gate,GitLab deploy freeze windows and CI_DEPLOY_FREEZE job rules,A configured GitLab freeze sets a variable; deployment jobs must consume it to block execution; verify time zones and emergency procedures rather than relying on calendar entries,https://docs.gitlab.com/user/project/releases/#prevent-unintentional-releases-by-setting-a-deploy-freeze,2026-09-29,official-docs
Release Train,Process,Use a published release cadence with inclusion criteria and stabilization milestones; defer unready work and review exceptions,Conditional - predictable dates do not make a large batch low risk,Depends on artifact compatibility and deployment mechanism; not the release cadence,Changes included in the train and the population reached by its rollout,Release milestones; CI; release branches; approved cherry-picks,Do not waive readiness checks to meet a date; maintain an approved urgent-fix path and staged deployment; a release train does not require simultaneous exposure of all features,https://kubernetes.io/releases/release/,2026-09-29,official-docs
Canary Analysis Gates,Verification,Compare version-specific canary and concurrent control signals plus absolute SLO limits; require representative traffic and observation windows,Conditional - sparse samples or shared failures can hide regressions,Detection window plus configured abort and recovery time,Canary cohort initially; shared failures may affect control too,Argo Rollouts AnalysisTemplates; Prometheus; version-labelled SLIs,Define explicit handling for empty results and NaN and provider errors; do not promote on missing evidence; background analysis ending successfully is not proof of sufficient observations,https://argo-rollouts.readthedocs.io/en/stable/features/analysis/,2026-09-29,official-docs
Graceful Shutdown and Connection Draining,Availability,Gate new replicas with readiness; stop accepting new work and drain in-flight connections during termination,Conditional - propagation races and work exceeding the grace period can cause errors,Recovery requires healthy replacement capacity; terminated requests are not restored,Affected connections and requests on terminating replicas,Kubernetes readiness probes; preStop; terminationGracePeriodSeconds,preStop consumes the termination grace budget; remaining processes can be force-killed when it expires; test load-balancer draining and long-lived connections under rollout load,https://kubernetes.io/docs/concepts/workloads/pods/pod-lifecycle/#pod-termination-flow,2026-09-29,official-docs
Digest-Pinned Artifact Promotion,Reproducibility,Promote the tested container image by digest across environments; track compatible configuration and retain recovery artifacts,Conditional - digest identifies content but does not prove trust or application compatibility,Pull and rollout time for a retained compatible image; registry access may delay recovery,Workloads referencing the promoted artifact,Kubernetes image digests; container registry retention; versioned release configuration,Tags can be moved and imagePullPolicy Always does not pin content; digest pinning does not preserve deleted artifacts or freeze external configuration and data,https://kubernetes.io/docs/concepts/containers/images/,2026-09-29,official-docs
